"client_id","age","job","marital","education","credit_default","housing","loan","contact","month","day","duration","campaign","pdays","previous","poutcome","emp_var_rate","cons_price_idx","cons_conf_idx","euribor3m","nr_employed","y"
0,56,"housemaid","married","basic.4y","no","no","no","telephone","may",13,261,1,999,0,"nonexistent",1.1,93.994,-36.4,4.857,5191,"no"
1,57,"services","married","high.school","unknown","no","no","telephone","may",19,149,1,999,0,"nonexistent",1.1,93.994,-36.4,4.857,5191,"no"
2,37,"services","married","high.school","no","yes","no","telephone","may",23,226,1,999,0,"nonexistent",1.1,93.994,-36.4,4.857,5191,"no"
3,40,"admin.","married","basic.6y","no","no","no","telephone","may",27,151,1,999,0,"nonexistent",1.1,93.994,-36.4,4.857,5191,"no"
4,56,"services","married","high.school","no","no","yes","telephone","may",3,307,1,999,0,"nonexistent",1.1,93.994,-36.4,4.857,5191,"no"
5,45,"services","married","basic.9y","unknown","no","no","telephone","may",5,198,1,999,0,"nonexistent",1.1,93.994,-36.4,4.857,5191,"no"
6,59,"admin.","married","professional.course","no","no","no","telephone","may",3,139,1,999,0,"nonexistent",1.1,93.994,-36.4,4.857,5191,"no"
7,41,"blue-collar","married","unknown","unknown","no","no","telephone","may",12,217,1,999,0,"nonexistent",1.1,93.994,-36.4,4.857,5191,"no"
8,24,"technician","single","professional.course","no","yes","no","telephone","may",21,380,1,999,0,"nonexistent",1.1,93.994,-36.4,4.857,5191,"no"
9,25,"services","single","high.school","no","yes","no","telephone","may",5,50,1,999,0,"nonexistent",1.1,93.994,-36.4,4.857,5191,"no"
10,41,"blue-collar","married","unknown","unknown","no","no","telephone","may",8,55,1,999,0,"nonexistent",1.1,93.994,-36.4,4.857,5191,"no"
11,25,"services","single","high.school","no","yes","no","telephone","may",9,222,1,999,0,"nonexistent",1.1,93.994,-36.4,4.857,5191,"no"
12,29,"blue-collar","single","high.school","no","no","yes","telephone","may",29,137,1,999,0,"nonexistent",1.1,93.994,-36.4,4.857,5191,"no"
13,57,"housemaid","divorced","basic.4y","no","yes","no","telephone","may",14,293,1,999,0,"nonexistent",1.1,93.994,-36.4,4.857,5191,"no"
14,35,"blue-collar","married","basic.6y","no","yes","no","telephone","may",29,146,1,999,0,"nonexistent",1.1,93.994,-36.4,4.857,5191,"no"
15,54,"retired","married","basic.9y","unknown","yes","yes","telephone","may",29,174,1,999,0,"nonexistent",1.1,93.994,-36.4,4.857,5191,"no"
16,35,"blue-collar","married","basic.6y","no","yes","no","telephone","may",1,312,1,999,0,"nonexistent",1.1,93.994,-36.4,4.857,5191,"no"
17,46,"blue-collar","married","basic.6y","unknown","yes","yes","telephone","may",9,440,1,999,0,"nonexistent",1.1,93.994,-36.4,4.857,5191,"no"
18,50,"blue-collar","married","basic.9y","no","yes","yes","telephone","may",6,353,1,999,0,"nonexistent",1.1,93.994,-36.4,4.857,5191,"no"
19,39,"management","single","basic.9y","unknown","no","no","telephone","may",2,195,1,999,0,"nonexistent",1.1,93.994,-36.4,4.857,5191,"no"
20,30,"unemployed","married","high.school","no","no","no","telephone","may",2,38,1,999,0,"nonexistent",1.1,93.994,-36.4,4.857,5191,"no"
21,55,"blue-collar","married","basic.4y","unknown","yes","no","telephone","may",16,262,1,999,0,"nonexistent",1.1,93.994,-36.4,4.857,5191,"no"
22,55,"retired","single","high.school","no","yes","no","telephone","may",20,342,1,999,0,"nonexistent",1.1,93.994,-36.4,4.857,5191,"no"
23,41,"technician","single","high.school","no","yes","no","telephone","may",10,181,1,999,0,"nonexistent",1.1,93.994,-36.4,4.857,5191,"no"
24,37,"admin.","married","high.school","no","yes","no","telephone","may",2,172,1,999,0,"nonexistent",1.1,93.994,-36.4,4.857,5191,"no"
25,35,"technician","married","university.degree","no","no","yes","telephone","may",28,99,1,999,0,"nonexistent",1.1,93.994,-36.4,4.857,5191,"no"
26,59,"technician","married","unknown","no","yes","no","telephone","may",30,93,1,999,0,"nonexistent",1.1,93.994,-36.4,4.857,5191,"no"
27,39,"self-employed","married","basic.9y","unknown","no","no","telephone","may",16,233,1,999,0,"nonexistent",1.1,93.994,-36.4,4.857,5191,"no"
28,54,"technician","single","university.degree","unknown","no","no","telephone","may",1,255,2,999,0,"nonexistent",1.1,93.994,-36.4,4.857,5191,"no"
29,55,"unknown","married","university.degree","unknown","unknown","unknown","telephone","may",22,362,1,999,0,"nonexistent",1.1,93.994,-36.4,4.857,5191,"no"
30,46,"admin.","married","unknown","no","no","no","telephone","may",22,348,1,999,0,"nonexistent",1.1,93.994,-36.4,4.857,5191,"no"
31,59,"technician","married","unknown","no","yes","no","telephone","may",27,386,1,999,0,"nonexistent",1.1,93.994,-36.4,4.857,5191,"no"
32,49,"blue-collar","married","unknown","no","no","no","telephone","may",25,73,1,999,0,"nonexistent",1.1,93.994,-36.4,4.857,5191,"no"
33,54,"management","married","basic.4y","unknown","yes","no","telephone","may",14,230,1,999,0,"nonexistent",1.1,93.994,-36.4,4.857,5191,"no"
34,54,"blue-collar","divorced","basic.4y","no","no","no","telephone","may",25,208,1,999,0,"nonexistent",1.1,93.994,-36.4,4.857,5191,"no"
35,55,"unknown","married","basic.4y","unknown","yes","no","telephone","may",22,336,1,999,0,"nonexistent",1.1,93.994,-36.4,4.857,5191,"no"
36,34,"services","married","high.school","no","no","no","telephone","may",11,365,1,999,0,"nonexistent",1.1,93.994,-36.4,4.857,5191,"no"
37,52,"technician","married","basic.9y","no","yes","no","telephone","may",3,1666,1,999,0,"nonexistent",1.1,93.994,-36.4,4.857,5191,"no"
38,41,"admin.","married","university.degree","no","yes","no","telephone","may",2,577,1,999,0,"nonexistent",1.1,93.994,-36.4,4.857,5191,"no"
39,56,"technician","married","basic.4y","no","yes","no","telephone","may",20,137,1,999,0,"nonexistent",1.1,93.994,-36.4,4.857,5191,"no"
40,58,"management","unknown","university.degree","no","yes","no","telephone","may",5,366,1,999,0,"nonexistent",1.1,93.994,-36.4,4.857,5191,"no"
41,32,"entrepreneur","married","high.school","no","yes","no","telephone","may",25,314,1,999,0,"nonexistent",1.1,93.994,-36.4,4.857,5191,"no"
42,38,"admin.","single","professional.course","no","no","no","telephone","may",22,160,1,999,0,"nonexistent",1.1,93.994,-36.4,4.857,5191,"no"
43,57,"admin.","married","university.degree","no","no","yes","telephone","may",1,212,1,999,0,"nonexistent",1.1,93.994,-36.4,4.857,5191,"no"
44,44,"admin.","married","university.degree","unknown","yes","no","telephone","may",17,188,1,999,0,"nonexistent",1.1,93.994,-36.4,4.857,5191,"no"
45,42,"technician","single","professional.course","unknown","no","no","telephone","may",28,22,1,999,0,"nonexistent",1.1,93.994,-36.4,4.857,5191,"no"
46,57,"admin.","married","university.degree","no","yes","yes","telephone","may",15,616,1,999,0,"nonexistent",1.1,93.994,-36.4,4.857,5191,"no"
47,40,"blue-collar","married","basic.9y","no","no","yes","telephone","may",3,178,1,999,0,"nonexistent",1.1,93.994,-36.4,4.857,5191,"no"
48,35,"admin.","married","university.degree","no","yes","no","telephone","may",26,355,1,999,0,"nonexistent",1.1,93.994,-36.4,4.857,5191,"no"
49,45,"blue-collar","married","basic.9y","no","yes","no","telephone","may",26,225,2,999,0,"nonexistent",1.1,93.994,-36.4,4.857,5191,"no"
50,54,"admin.","married","high.school","no","no","no","telephone","may",3,160,1,999,0,"nonexistent",1.1,93.994,-36.4,4.857,5191,"no"
51,39,"housemaid","married","basic.4y","no","no","yes","telephone","may",9,266,1,999,0,"nonexistent",1.1,93.994,-36.4,4.857,5191,"no"
52,60,"admin.","married","high.school","no","no","no","telephone","may",11,253,1,999,0,"nonexistent",1.1,93.994,-36.4,4.857,5191,"no"
53,53,"admin.","single","professional.course","no","no","no","telephone","may",13,179,1,999,0,"nonexistent",1.1,93.994,-36.4,4.857,5191,"no"
54,55,"blue-collar","married","basic.4y","unknown","no","no","telephone","may",12,269,2,999,0,"nonexistent",1.1,93.994,-36.4,4.857,5191,"no"
55,55,"technician","married","professional.course","unknown","yes","no","telephone","may",8,135,1,999,0,"nonexistent",1.1,93.994,-36.4,4.857,5191,"no"
56,50,"management","married","university.degree","unknown","no","yes","telephone","may",17,161,1,999,0,"nonexistent",1.1,93.994,-36.4,4.857,5191,"no"
57,45,"services","married","high.school","unknown","yes","no","telephone","may",8,787,1,999,0,"nonexistent",1.1,93.994,-36.4,4.857,5191,"no"
58,55,"unemployed","married","professional.course","unknown","yes","yes","telephone","may",8,145,1,999,0,"nonexistent",1.1,93.994,-36.4,4.857,5191,"no"
59,25,"technician","single","university.degree","no","yes","no","telephone","may",18,174,1,999,0,"nonexistent",1.1,93.994,-36.4,4.857,5191,"no"
60,47,"entrepreneur","married","university.degree","unknown","no","no","telephone","may",3,449,1,999,0,"nonexistent",1.1,93.994,-36.4,4.857,5191,"no"
61,51,"blue-collar","married","basic.9y","no","yes","no","telephone","may",23,812,1,999,0,"nonexistent",1.1,93.994,-36.4,4.857,5191,"no"
62,42,"blue-collar","married","basic.6y","unknown","yes","no","telephone","may",27,164,1,999,0,"nonexistent",1.1,93.994,-36.4,4.857,5191,"no"
63,42,"blue-collar","married","basic.6y","unknown","no","no","telephone","may",29,366,1,999,0,"nonexistent",1.1,93.994,-36.4,4.857,5191,"no"
64,48,"admin.","married","high.school","no","no","no","telephone","may",19,357,1,999,0,"nonexistent",1.1,93.994,-36.4,4.857,5191,"no"
65,37,"admin.","married","university.degree","no","no","no","telephone","may",15,232,1,999,0,"nonexistent",1.1,93.994,-36.4,4.857,5191,"no"
66,44,"blue-collar","single","basic.9y","no","yes","no","telephone","may",16,91,1,999,0,"nonexistent",1.1,93.994,-36.4,4.857,5191,"no"
67,33,"admin.","married","unknown","no","yes","no","telephone","may",21,273,1,999,0,"nonexistent",1.1,93.994,-36.4,4.857,5191,"no"
68,56,"admin.","married","basic.9y","no","yes","no","telephone","may",29,158,2,999,0,"nonexistent",1.1,93.994,-36.4,4.857,5191,"no"
69,44,"blue-collar","single","basic.4y","unknown","yes","yes","telephone","may",4,177,1,999,0,"nonexistent",1.1,93.994,-36.4,4.857,5191,"no"
70,41,"management","married","basic.6y","no","no","no","telephone","may",28,200,1,999,0,"nonexistent",1.1,93.994,-36.4,4.857,5191,"no"
71,44,"management","divorced","university.degree","no","yes","no","telephone","may",26,172,1,999,0,"nonexistent",1.1,93.994,-36.4,4.857,5191,"no"
72,47,"admin.","married","university.degree","unknown","yes","no","telephone","may",18,176,1,999,0,"nonexistent",1.1,93.994,-36.4,4.857,5191,"no"
73,57,"unknown","married","unknown","unknown","no","no","telephone","may",14,211,1,999,0,"nonexistent",1.1,93.994,-36.4,4.857,5191,"no"
74,37,"admin.","married","university.degree","unknown","yes","no","telephone","may",26,214,1,999,0,"nonexistent",1.1,93.994,-36.4,4.857,5191,"no"
75,41,"blue-collar","divorced","basic.4y","unknown","yes","no","telephone","may",20,1575,1,999,0,"nonexistent",1.1,93.994,-36.4,4.857,5191,"yes"
76,55,"technician","married","university.degree","no","no","no","telephone","may",16,349,1,999,0,"nonexistent",1.1,93.994,-36.4,4.857,5191,"no"
77,33,"services","married","high.school","unknown","yes","no","telephone","may",28,337,2,999,0,"nonexistent",1.1,93.994,-36.4,4.857,5191,"no"
78,55,"management","married","unknown","unknown","yes","no","telephone","may",30,272,1,999,0,"nonexistent",1.1,93.994,-36.4,4.857,5191,"no"
79,42,"blue-collar","married","basic.9y","unknown","no","no","telephone","may",21,208,1,999,0,"nonexistent",1.1,93.994,-36.4,4.857,5191,"no"
80,50,"blue-collar","married","basic.4y","unknown","yes","no","telephone","may",29,193,1,999,0,"nonexistent",1.1,93.994,-36.4,4.857,5191,"no"
81,51,"blue-collar","married","basic.4y","unknown","unknown","unknown","telephone","may",29,212,1,999,0,"nonexistent",1.1,93.994,-36.4,4.857,5191,"no"
82,38,"admin.","married","high.school","unknown","no","no","telephone","may",27,165,2,999,0,"nonexistent",1.1,93.994,-36.4,4.857,5191,"no"
83,49,"entrepreneur","married","university.degree","unknown","yes","no","telephone","may",6,1042,1,999,0,"nonexistent",1.1,93.994,-36.4,4.857,5191,"yes"
84,38,"technician","single","university.degree","no","no","yes","telephone","may",23,20,1,999,0,"nonexistent",1.1,93.994,-36.4,4.857,5191,"no"
85,31,"admin.","divorced","high.school","no","no","no","telephone","may",12,246,1,999,0,"nonexistent",1.1,93.994,-36.4,4.857,5191,"no"
86,41,"management","married","basic.6y","no","no","no","telephone","may",23,529,2,999,0,"nonexistent",1.1,93.994,-36.4,4.857,5191,"no"
87,39,"admin.","married","university.degree","no","yes","yes","telephone","may",21,192,1,999,0,"nonexistent",1.1,93.994,-36.4,4.857,5191,"no"
88,49,"technician","married","basic.9y","no","no","no","telephone","may",19,1467,1,999,0,"nonexistent",1.1,93.994,-36.4,4.857,5191,"yes"
89,34,"admin.","married","high.school","no","yes","no","telephone","may",17,188,2,999,0,"nonexistent",1.1,93.994,-36.4,4.857,5191,"no"
90,35,"admin.","married","university.degree","no","yes","no","telephone","may",29,180,2,999,0,"nonexistent",1.1,93.994,-36.4,4.857,5191,"no"
91,57,"unknown","married","unknown","unknown","yes","no","telephone","may",5,48,1,999,0,"nonexistent",1.1,93.994,-36.4,4.857,5191,"no"
92,60,"admin.","married","unknown","unknown","no","yes","telephone","may",2,213,2,999,0,"nonexistent",1.1,93.994,-36.4,4.857,5191,"no"
93,33,"unemployed","married","basic.9y","no","no","no","telephone","may",27,545,1,999,0,"nonexistent",1.1,93.994,-36.4,4.857,5191,"no"
94,42,"blue-collar","married","basic.6y","no","no","yes","telephone","may",28,583,1,999,0,"nonexistent",1.1,93.994,-36.4,4.857,5191,"no"
95,45,"services","married","professional.course","no","yes","no","telephone","may",25,221,1,999,0,"nonexistent",1.1,93.994,-36.4,4.857,5191,"no"
96,42,"management","married","university.degree","no","no","no","telephone","may",17,426,1,999,0,"nonexistent",1.1,93.994,-36.4,4.857,5191,"no"
97,53,"admin.","divorced","university.degree","unknown","no","no","telephone","may",27,287,1,999,0,"nonexistent",1.1,93.994,-36.4,4.857,5191,"no"
98,37,"technician","single","professional.course","no","no","no","telephone","may",30,197,1,999,0,"nonexistent",1.1,93.994,-36.4,4.857,5191,"no"
99,44,"blue-collar","married","basic.6y","no","no","no","telephone","may",3,257,1,999,0,"nonexistent",1.1,93.994,-36.4,4.857,5191,"no"
100,54,"services","married","unknown","no","yes","no","telephone","may",25,229,1,999,0,"nonexistent",1.1,93.994,-36.4,4.857,5191,"no"
101,49,"blue-collar","married","basic.4y","no","no","no","telephone","may",30,55,3,999,0,"nonexistent",1.1,93.994,-36.4,4.857,5191,"no"
102,54,"services","married","unknown","no","no","no","telephone","may",27,400,1,999,0,"nonexistent",1.1,93.994,-36.4,4.857,5191,"no"
103,52,"admin.","divorced","university.degree","no","no","no","telephone","may",19,197,1,999,0,"nonexistent",1.1,93.994,-36.4,4.857,5191,"no"
104,52,"admin.","divorced","university.degree","no","no","no","telephone","may",24,190,1,999,0,"nonexistent",1.1,93.994,-36.4,4.857,5191,"no"
105,43,"services","single","high.school","unknown","no","no","telephone","may",8,21,1,999,0,"nonexistent",1.1,93.994,-36.4,4.857,5191,"no"
106,34,"housemaid","married","basic.6y","no","yes","no","telephone","may",22,300,2,999,0,"nonexistent",1.1,93.994,-36.4,4.857,5191,"no"
107,35,"admin.","married","high.school","no","yes","no","telephone","may",9,123,2,999,0,"nonexistent",1.1,93.994,-36.4,4.857,5191,"no"
108,42,"entrepreneur","married","unknown","unknown","yes","no","telephone","may",15,293,1,999,0,"nonexistent",1.1,93.994,-36.4,4.857,5191,"no"
109,43,"technician","married","unknown","unknown","yes","yes","telephone","may",9,325,1,999,0,"nonexistent",1.1,93.994,-36.4,4.857,5191,"no"
110,60,"retired","divorced","university.degree","unknown","no","no","telephone","may",4,514,1,999,0,"nonexistent",1.1,93.994,-36.4,4.857,5191,"no"
111,58,"unemployed","married","basic.4y","unknown","no","no","telephone","may",1,849,2,999,0,"nonexistent",1.1,93.994,-36.4,4.857,5191,"no"
112,35,"services","divorced","high.school","no","yes","no","telephone","may",25,194,1,999,0,"nonexistent",1.1,93.994,-36.4,4.857,5191,"no"
113,55,"blue-collar","married","basic.9y","unknown","yes","no","telephone","may",4,212,2,999,0,"nonexistent",1.1,93.994,-36.4,4.857,5191,"no"
114,37,"management","married","university.degree","no","no","no","telephone","may",6,337,2,999,0,"nonexistent",1.1,93.994,-36.4,4.857,5191,"no"
115,36,"blue-collar","married","high.school","no","no","no","telephone","may",20,286,1,999,0,"nonexistent",1.1,93.994,-36.4,4.857,5191,"no"
116,52,"admin.","divorced","university.degree","no","no","no","telephone","may",31,247,2,999,0,"nonexistent",1.1,93.994,-36.4,4.857,5191,"no"
117,57,"blue-collar","divorced","unknown","unknown","yes","no","telephone","may",24,518,1,999,0,"nonexistent",1.1,93.994,-36.4,4.857,5191,"no"
118,56,"admin.","married","unknown","no","yes","no","telephone","may",6,364,1,999,0,"nonexistent",1.1,93.994,-36.4,4.857,5191,"no"
119,48,"blue-collar","divorced","basic.4y","unknown","yes","no","telephone","may",26,178,1,999,0,"nonexistent",1.1,93.994,-36.4,4.857,5191,"no"
120,40,"blue-collar","married","high.school","unknown","yes","no","telephone","may",21,98,1,999,0,"nonexistent",1.1,93.994,-36.4,4.857,5191,"no"
121,49,"blue-collar","divorced","high.school","no","no","no","telephone","may",1,439,1,999,0,"nonexistent",1.1,93.994,-36.4,4.857,5191,"no"
122,41,"services","married","high.school","no","no","no","telephone","may",18,139,1,999,0,"nonexistent",1.1,93.994,-36.4,4.857,5191,"no"
123,45,"technician","married","high.school","no","yes","no","telephone","may",9,79,1,999,0,"nonexistent",1.1,93.994,-36.4,4.857,5191,"no"
124,32,"admin.","married","university.degree","no","yes","yes","telephone","may",26,175,1,999,0,"nonexistent",1.1,93.994,-36.4,4.857,5191,"no"
125,42,"admin.","married","university.degree","no","no","yes","telephone","may",21,262,2,999,0,"nonexistent",1.1,93.994,-36.4,4.857,5191,"no"
126,50,"admin.","married","basic.6y","no","no","no","telephone","may",31,61,1,999,0,"nonexistent",1.1,93.994,-36.4,4.857,5191,"no"
127,31,"technician","divorced","professional.course","no","yes","yes","telephone","may",24,78,1,999,0,"nonexistent",1.1,93.994,-36.4,4.857,5191,"no"
128,56,"retired","married","basic.4y","no","yes","no","telephone","may",23,102,2,999,0,"nonexistent",1.1,93.994,-36.4,4.857,5191,"no"
129,41,"technician","married","professional.course","unknown","yes","no","telephone","may",12,579,1,999,0,"nonexistent",1.1,93.994,-36.4,4.857,5191,"yes"
130,37,"blue-collar","married","basic.6y","no","yes","yes","telephone","may",29,143,1,999,0,"nonexistent",1.1,93.994,-36.4,4.857,5191,"no"
131,41,"technician","married","professional.course","unknown","no","no","telephone","may",20,677,1,999,0,"nonexistent",1.1,93.994,-36.4,4.857,5191,"no"
132,35,"blue-collar","married","unknown","no","yes","no","telephone","may",22,267,1,999,0,"nonexistent",1.1,93.994,-36.4,4.857,5191,"no"
133,37,"blue-collar","married","basic.6y","no","yes","no","telephone","may",12,345,1,999,0,"nonexistent",1.1,93.994,-36.4,4.857,5191,"no"
134,52,"management","married","university.degree","no","no","no","telephone","may",19,185,1,999,0,"nonexistent",1.1,93.994,-36.4,4.857,5191,"no"
135,39,"management","divorced","university.degree","no","no","no","telephone","may",5,207,1,999,0,"nonexistent",1.1,93.994,-36.4,4.857,5191,"no"
136,39,"housemaid","married","basic.4y","unknown","no","no","telephone","may",26,69,2,999,0,"nonexistent",1.1,93.994,-36.4,4.857,5191,"no"
137,56,"blue-collar","married","basic.4y","unknown","no","no","telephone","may",19,100,2,999,0,"nonexistent",1.1,93.994,-36.4,4.857,5191,"no"
138,34,"services","married","high.school","no","yes","no","telephone","may",28,125,2,999,0,"nonexistent",1.1,93.994,-36.4,4.857,5191,"no"
139,45,"blue-collar","married","basic.9y","unknown","yes","no","telephone","may",27,461,1,999,0,"nonexistent",1.1,93.994,-36.4,4.857,5191,"yes"
140,43,"unemployed","single","university.degree","no","yes","no","telephone","may",16,240,1,999,0,"nonexistent",1.1,93.994,-36.4,4.857,5191,"no"
141,56,"management","married","unknown","no","yes","no","telephone","may",22,70,1,999,0,"nonexistent",1.1,93.994,-36.4,4.857,5191,"no"
142,39,"management","married","university.degree","no","yes","no","telephone","may",24,193,1,999,0,"nonexistent",1.1,93.994,-36.4,4.857,5191,"no"
143,53,"blue-collar","married","basic.4y","no","yes","no","telephone","may",17,136,1,999,0,"nonexistent",1.1,93.994,-36.4,4.857,5191,"no"
144,38,"unknown","divorced","high.school","unknown","yes","no","telephone","may",24,73,1,999,0,"nonexistent",1.1,93.994,-36.4,4.857,5191,"no"
145,42,"blue-collar","married","basic.4y","unknown","yes","no","telephone","may",6,528,1,999,0,"nonexistent",1.1,93.994,-36.4,4.857,5191,"no"
146,42,"blue-collar","married","basic.4y","unknown","no","no","telephone","may",11,541,1,999,0,"nonexistent",1.1,93.994,-36.4,4.857,5191,"no"
147,35,"admin.","single","high.school","no","yes","no","telephone","may",16,338,1,999,0,"nonexistent",1.1,93.994,-36.4,4.857,5191,"no"
148,40,"admin.","married","university.degree","unknown","yes","no","telephone","may",28,163,1,999,0,"nonexistent",1.1,93.994,-36.4,4.857,5191,"no"
149,51,"blue-collar","married","basic.4y","no","yes","no","telephone","may",25,87,1,999,0,"nonexistent",1.1,93.994,-36.4,4.857,5191,"no"
150,60,"blue-collar","married","basic.9y","unknown","no","no","telephone","may",3,301,1,999,0,"nonexistent",1.1,93.994,-36.4,4.857,5191,"no"
151,56,"entrepreneur","married","unknown","unknown","yes","no","telephone","may",22,46,1,999,0,"nonexistent",1.1,93.994,-36.4,4.857,5191,"no"
152,39,"services","divorced","high.school","unknown","yes","no","telephone","may",8,52,1,999,0,"nonexistent",1.1,93.994,-36.4,4.857,5191,"no"
153,56,"entrepreneur","married","unknown","unknown","no","no","telephone","may",3,204,1,999,0,"nonexistent",1.1,93.994,-36.4,4.857,5191,"no"
154,40,"blue-collar","married","unknown","no","yes","yes","telephone","may",12,155,1,999,0,"nonexistent",1.1,93.994,-36.4,4.857,5191,"no"
155,36,"blue-collar","married","basic.9y","no","yes","yes","telephone","may",15,98,1,999,0,"nonexistent",1.1,93.994,-36.4,4.857,5191,"no"
156,51,"blue-collar","married","unknown","unknown","yes","no","telephone","may",25,71,1,999,0,"nonexistent",1.1,93.994,-36.4,4.857,5191,"no"
157,51,"blue-collar","married","unknown","unknown","no","no","telephone","may",29,243,1,999,0,"nonexistent",1.1,93.994,-36.4,4.857,5191,"no"
158,43,"technician","single","professional.course","no","yes","no","telephone","may",7,186,2,999,0,"nonexistent",1.1,93.994,-36.4,4.857,5191,"no"
159,59,"services","married","high.school","no","no","no","telephone","may",27,579,2,999,0,"nonexistent",1.1,93.994,-36.4,4.857,5191,"no"
160,24,"management","single","university.degree","no","yes","no","telephone","may",3,165,2,999,0,"nonexistent",1.1,93.994,-36.4,4.857,5191,"no"
161,37,"blue-collar","single","basic.9y","unknown","yes","yes","telephone","may",9,163,2,999,0,"nonexistent",1.1,93.994,-36.4,4.857,5191,"no"
162,40,"blue-collar","married","basic.9y","unknown","no","no","telephone","may",29,46,1,999,0,"nonexistent",1.1,93.994,-36.4,4.857,5191,"no"
163,42,"blue-collar","married","basic.9y","unknown","no","no","telephone","may",15,559,3,999,0,"nonexistent",1.1,93.994,-36.4,4.857,5191,"no"
164,39,"services","divorced","high.school","unknown","no","no","telephone","may",18,2033,1,999,0,"nonexistent",1.1,93.994,-36.4,4.857,5191,"no"
165,37,"entrepreneur","married","basic.6y","no","no","no","telephone","may",22,85,1,999,0,"nonexistent",1.1,93.994,-36.4,4.857,5191,"no"
166,38,"services","married","high.school","no","yes","yes","telephone","may",4,506,1,999,0,"nonexistent",1.1,93.994,-36.4,4.857,5191,"no"
167,56,"admin.","divorced","unknown","unknown","no","no","telephone","may",12,114,2,999,0,"nonexistent",1.1,93.994,-36.4,4.857,5191,"no"
168,40,"blue-collar","married","unknown","no","no","no","telephone","may",19,114,2,999,0,"nonexistent",1.1,93.994,-36.4,4.857,5191,"no"
169,54,"management","divorced","university.degree","no","yes","no","telephone","may",25,843,2,999,0,"nonexistent",1.1,93.994,-36.4,4.857,5191,"no"
170,43,"blue-collar","married","high.school","unknown","no","yes","telephone","may",12,181,1,999,0,"nonexistent",1.1,93.994,-36.4,4.857,5191,"no"
171,36,"services","married","high.school","unknown","no","no","telephone","may",5,427,1,999,0,"nonexistent",1.1,93.994,-36.4,4.857,5191,"no"
172,45,"technician","married","university.degree","no","yes","yes","telephone","may",24,292,1,999,0,"nonexistent",1.1,93.994,-36.4,4.857,5191,"no"
173,42,"admin.","single","university.degree","unknown","no","no","telephone","may",7,192,1,999,0,"nonexistent",1.1,93.994,-36.4,4.857,5191,"no"
174,43,"services","married","high.school","no","no","no","telephone","may",2,93,3,999,0,"nonexistent",1.1,93.994,-36.4,4.857,5191,"no"
175,46,"management","married","basic.9y","no","no","no","telephone","may",9,128,2,999,0,"nonexistent",1.1,93.994,-36.4,4.857,5191,"no"
176,44,"services","married","high.school","no","yes","yes","telephone","may",29,107,1,999,0,"nonexistent",1.1,93.994,-36.4,4.857,5191,"no"
177,51,"admin.","single","basic.6y","no","no","no","telephone","may",13,303,2,999,0,"nonexistent",1.1,93.994,-36.4,4.857,5191,"no"
178,28,"services","married","high.school","no","yes","no","telephone","may",11,81,1,999,0,"nonexistent",1.1,93.994,-36.4,4.857,5191,"no"
179,37,"blue-collar","married","basic.9y","no","no","no","telephone","may",30,270,1,999,0,"nonexistent",1.1,93.994,-36.4,4.857,5191,"no"
180,34,"technician","married","high.school","no","no","no","telephone","may",12,228,1,999,0,"nonexistent",1.1,93.994,-36.4,4.857,5191,"no"
181,46,"blue-collar","married","basic.6y","unknown","yes","no","telephone","may",31,240,1,999,0,"nonexistent",1.1,93.994,-36.4,4.857,5191,"no"
182,42,"blue-collar","married","basic.9y","no","yes","yes","telephone","may",20,673,2,999,0,"nonexistent",1.1,93.994,-36.4,4.857,5191,"yes"
183,36,"admin.","married","university.degree","no","yes","no","telephone","may",8,233,3,999,0,"nonexistent",1.1,93.994,-36.4,4.857,5191,"no"
184,54,"blue-collar","married","basic.4y","unknown","no","no","telephone","may",13,102,1,999,0,"nonexistent",1.1,93.994,-36.4,4.857,5191,"no"
185,57,"management","married","university.degree","no","no","no","telephone","may",19,461,1,999,0,"nonexistent",1.1,93.994,-36.4,4.857,5191,"no"
186,51,"technician","married","basic.6y","unknown","no","no","telephone","may",20,250,1,999,0,"nonexistent",1.1,93.994,-36.4,4.857,5191,"no"
187,54,"retired","married","high.school","unknown","no","no","telephone","may",3,130,1,999,0,"nonexistent",1.1,93.994,-36.4,4.857,5191,"no"
188,49,"blue-collar","married","basic.4y","unknown","no","no","telephone","may",18,252,1,999,0,"nonexistent",1.1,93.994,-36.4,4.857,5191,"no"
189,34,"admin.","married","university.degree","no","yes","no","telephone","may",19,138,1,999,0,"nonexistent",1.1,93.994,-36.4,4.857,5191,"no"
190,41,"technician","married","professional.course","no","no","no","telephone","may",10,412,1,999,0,"nonexistent",1.1,93.994,-36.4,4.857,5191,"no"
191,38,"blue-collar","single","basic.9y","no","yes","no","telephone","may",19,179,2,999,0,"nonexistent",1.1,93.994,-36.4,4.857,5191,"no"
192,45,"management","divorced","university.degree","no","no","no","telephone","may",7,19,2,999,0,"nonexistent",1.1,93.994,-36.4,4.857,5191,"no"
193,42,"technician","married","university.degree","no","no","no","telephone","may",26,228,2,999,0,"nonexistent",1.1,93.994,-36.4,4.857,5191,"no"
194,34,"blue-collar","single","basic.9y","unknown","yes","no","telephone","may",31,55,1,999,0,"nonexistent",1.1,93.994,-36.4,4.857,5191,"no"
195,48,"blue-collar","married","basic.4y","no","yes","no","telephone","may",6,717,1,999,0,"nonexistent",1.1,93.994,-36.4,4.857,5191,"no"
196,37,"admin.","married","high.school","unknown","yes","no","telephone","may",7,313,1,999,0,"nonexistent",1.1,93.994,-36.4,4.857,5191,"no"
197,34,"blue-collar","single","basic.9y","unknown","no","no","telephone","may",29,289,1,999,0,"nonexistent",1.1,93.994,-36.4,4.857,5191,"no"
198,40,"admin.","married","basic.9y","unknown","yes","no","telephone","may",25,683,2,999,0,"nonexistent",1.1,93.994,-36.4,4.857,5191,"no"
199,43,"blue-collar","married","basic.6y","no","yes","no","telephone","may",29,1077,1,999,0,"nonexistent",1.1,93.994,-36.4,4.857,5191,"no"
200,33,"services","married","high.school","no","no","no","telephone","may",9,146,2,999,0,"nonexistent",1.1,93.994,-36.4,4.857,5191,"no"
201,32,"services","single","basic.6y","no","no","no","telephone","may",15,167,1,999,0,"nonexistent",1.1,93.994,-36.4,4.857,5191,"no"
202,39,"blue-collar","married","high.school","no","yes","no","telephone","may",20,356,2,999,0,"nonexistent",1.1,93.994,-36.4,4.857,5191,"no"
203,43,"admin.","married","unknown","no","no","no","telephone","may",13,277,1,999,0,"nonexistent",1.1,93.994,-36.4,4.857,5191,"no"
204,44,"blue-collar","married","basic.9y","no","yes","no","telephone","may",9,172,1,999,0,"nonexistent",1.1,93.994,-36.4,4.857,5191,"no"
205,35,"student","single","university.degree","unknown","no","no","telephone","may",10,218,1,999,0,"nonexistent",1.1,93.994,-36.4,4.857,5191,"no"
206,35,"student","single","university.degree","unknown","yes","yes","telephone","may",4,217,1,999,0,"nonexistent",1.1,93.994,-36.4,4.857,5191,"no"
207,35,"unemployed","married","professional.course","no","no","no","telephone","may",26,67,1,999,0,"nonexistent",1.1,93.994,-36.4,4.857,5191,"no"
208,36,"services","single","basic.4y","no","no","no","telephone","may",8,291,1,999,0,"nonexistent",1.1,93.994,-36.4,4.857,5191,"no"
209,35,"student","single","university.degree","unknown","yes","no","telephone","may",24,248,1,999,0,"nonexistent",1.1,93.994,-36.4,4.857,5191,"no"
210,36,"student","single","basic.9y","no","yes","no","telephone","may",19,256,1,999,0,"nonexistent",1.1,93.994,-36.4,4.857,5191,"no"
211,55,"housemaid","divorced","university.degree","no","no","no","telephone","may",25,286,1,999,0,"nonexistent",1.1,93.994,-36.4,4.857,5191,"no"
212,59,"admin.","married","university.degree","no","no","no","telephone","may",31,477,1,999,0,"nonexistent",1.1,93.994,-36.4,4.857,5191,"no"
213,57,"retired","married","unknown","unknown","no","no","telephone","may",5,611,2,999,0,"nonexistent",1.1,93.994,-36.4,4.857,5191,"no"
214,39,"blue-collar","married","professional.course","unknown","yes","no","telephone","may",14,471,1,999,0,"nonexistent",1.1,93.994,-36.4,4.857,5191,"no"
215,39,"housemaid","married","basic.4y","unknown","yes","no","telephone","may",22,381,2,999,0,"nonexistent",1.1,93.994,-36.4,4.857,5191,"no"
216,30,"blue-collar","single","unknown","no","yes","no","telephone","may",2,251,1,999,0,"nonexistent",1.1,93.994,-36.4,4.857,5191,"no"
217,30,"blue-collar","single","unknown","no","yes","yes","telephone","may",20,408,1,999,0,"nonexistent",1.1,93.994,-36.4,4.857,5191,"no"
218,50,"housemaid","married","basic.4y","unknown","no","no","telephone","may",29,287,1,999,0,"nonexistent",1.1,93.994,-36.4,4.857,5191,"no"
219,40,"services","married","high.school","no","no","no","telephone","may",9,322,3,999,0,"nonexistent",1.1,93.994,-36.4,4.857,5191,"no"
220,35,"admin.","married","high.school","no","yes","no","telephone","may",20,216,2,999,0,"nonexistent",1.1,93.994,-36.4,4.857,5191,"no"
221,43,"technician","married","unknown","unknown","no","no","telephone","may",26,366,2,999,0,"nonexistent",1.1,93.994,-36.4,4.857,5191,"no"
222,36,"services","single","basic.6y","unknown","yes","no","telephone","may",26,210,1,999,0,"nonexistent",1.1,93.994,-36.4,4.857,5191,"no"
223,46,"technician","married","basic.4y","unknown","yes","no","telephone","may",19,288,1,999,0,"nonexistent",1.1,93.994,-36.4,4.857,5191,"no"
224,40,"technician","married","basic.9y","no","no","no","telephone","may",15,168,1,999,0,"nonexistent",1.1,93.994,-36.4,4.857,5191,"no"
225,58,"retired","married","university.degree","no","no","no","telephone","may",17,132,1,999,0,"nonexistent",1.1,93.994,-36.4,4.857,5191,"no"
226,42,"technician","married","university.degree","no","no","no","telephone","may",26,64,2,999,0,"nonexistent",1.1,93.994,-36.4,4.857,5191,"no"
227,35,"admin.","single","university.degree","no","no","no","telephone","may",8,209,2,999,0,"nonexistent",1.1,93.994,-36.4,4.857,5191,"no"
228,43,"retired","married","basic.4y","unknown","no","no","telephone","may",9,410,3,999,0,"nonexistent",1.1,93.994,-36.4,4.857,5191,"no"
229,45,"blue-collar","married","basic.4y","no","yes","yes","telephone","may",19,177,1,999,0,"nonexistent",1.1,93.994,-36.4,4.857,5191,"no"
230,39,"admin.","married","professional.course","no","yes","no","telephone","may",6,580,2,999,0,"nonexistent",1.1,93.994,-36.4,4.857,5191,"no"
231,50,"services","divorced","professional.course","no","yes","no","telephone","may",23,165,1,999,0,"nonexistent",1.1,93.994,-36.4,4.857,5191,"no"
232,32,"management","divorced","basic.4y","unknown","yes","no","telephone","may",27,127,2,999,0,"nonexistent",1.1,93.994,-36.4,4.857,5191,"no"
233,39,"admin.","married","high.school","unknown","no","no","telephone","may",17,357,1,999,0,"nonexistent",1.1,93.994,-36.4,4.857,5191,"no"
234,52,"self-employed","married","university.degree","unknown","no","no","telephone","may",10,175,1,999,0,"nonexistent",1.1,93.994,-36.4,4.857,5191,"no"
235,44,"admin.","married","professional.course","no","yes","no","telephone","may",6,300,1,999,0,"nonexistent",1.1,93.994,-36.4,4.857,5191,"no"
236,56,"blue-collar","married","basic.4y","no","no","no","telephone","may",19,136,1,999,0,"nonexistent",1.1,93.994,-36.4,4.857,5191,"no"
237,48,"admin.","married","high.school","no","no","no","telephone","may",24,125,2,999,0,"nonexistent",1.1,93.994,-36.4,4.857,5191,"no"
238,33,"services","married","high.school","unknown","no","yes","telephone","may",4,189,2,999,0,"nonexistent",1.1,93.994,-36.4,4.857,5191,"no"
239,43,"management","married","university.degree","unknown","no","yes","telephone","may",2,213,3,999,0,"nonexistent",1.1,93.994,-36.4,4.857,5191,"no"
240,57,"retired","married","high.school","no","no","no","telephone","may",10,238,2,999,0,"nonexistent",1.1,93.994,-36.4,4.857,5191,"no"
241,36,"technician","single","professional.course","no","no","no","telephone","may",4,124,1,999,0,"nonexistent",1.1,93.994,-36.4,4.857,5191,"no"
242,34,"management","married","university.degree","no","yes","no","telephone","may",2,18,1,999,0,"nonexistent",1.1,93.994,-36.4,4.857,5191,"no"
243,34,"services","single","basic.9y","no","no","no","telephone","may",17,730,2,999,0,"nonexistent",1.1,93.994,-36.4,4.857,5191,"no"
244,30,"technician","married","university.degree","unknown","no","no","telephone","may",11,40,1,999,0,"nonexistent",1.1,93.994,-36.4,4.857,5191,"no"
245,33,"services","divorced","unknown","no","no","no","telephone","may",16,181,2,999,0,"nonexistent",1.1,93.994,-36.4,4.857,5191,"no"
246,32,"technician","single","professional.course","no","no","no","telephone","may",20,79,1,999,0,"nonexistent",1.1,93.994,-36.4,4.857,5191,"no"
247,36,"technician","single","high.school","no","yes","no","telephone","may",6,142,2,999,0,"nonexistent",1.1,93.994,-36.4,4.857,5191,"no"
248,36,"blue-collar","single","high.school","no","no","yes","telephone","may",10,389,1,999,0,"nonexistent",1.1,93.994,-36.4,4.857,5191,"no"
249,33,"services","single","high.school","no","no","no","telephone","may",24,702,1,999,0,"nonexistent",1.1,93.994,-36.4,4.857,5191,"no"
250,40,"technician","divorced","professional.course","no","no","no","telephone","may",23,151,1,999,0,"nonexistent",1.1,93.994,-36.4,4.857,5191,"no"
251,41,"blue-collar","married","basic.4y","no","yes","no","telephone","may",7,211,1,999,0,"nonexistent",1.1,93.994,-36.4,4.857,5191,"no"
252,51,"services","married","basic.6y","no","yes","no","telephone","may",26,117,1,999,0,"nonexistent",1.1,93.994,-36.4,4.857,5191,"no"
253,36,"technician","married","professional.course","no","yes","no","telephone","may",24,232,3,999,0,"nonexistent",1.1,93.994,-36.4,4.857,5191,"no"
254,28,"services","married","unknown","no","no","no","telephone","may",8,408,2,999,0,"nonexistent",1.1,93.994,-36.4,4.857,5191,"no"
255,53,"services","married","high.school","no","yes","yes","telephone","may",15,370,3,999,0,"nonexistent",1.1,93.994,-36.4,4.857,5191,"no"
256,58,"blue-collar","married","basic.9y","unknown","yes","no","telephone","may",6,179,2,999,0,"nonexistent",1.1,93.994,-36.4,4.857,5191,"no"
257,45,"management","married","basic.9y","no","no","yes","telephone","may",1,46,1,999,0,"nonexistent",1.1,93.994,-36.4,4.857,5191,"no"
258,43,"technician","married","unknown","no","yes","no","telephone","may",22,200,1,999,0,"nonexistent",1.1,93.994,-36.4,4.857,5191,"no"
259,33,"admin.","married","high.school","no","no","yes","telephone","may",4,50,1,999,0,"nonexistent",1.1,93.994,-36.4,4.857,5191,"no"
260,33,"admin.","married","high.school","no","no","yes","telephone","may",7,181,1,999,0,"nonexistent",1.1,93.994,-36.4,4.857,5191,"no"
261,27,"blue-collar","single","basic.6y","no","unknown","unknown","telephone","may",26,119,1,999,0,"nonexistent",1.1,93.994,-36.4,4.857,5191,"no"
262,42,"technician","married","high.school","no","no","no","telephone","may",17,361,1,999,0,"nonexistent",1.1,93.994,-36.4,4.857,5191,"no"
263,43,"admin.","divorced","basic.9y","no","no","no","telephone","may",16,73,3,999,0,"nonexistent",1.1,93.994,-36.4,4.857,5191,"no"
264,42,"admin.","married","university.degree","no","no","no","telephone","may",24,67,2,999,0,"nonexistent",1.1,93.994,-36.4,4.857,5191,"no"
265,27,"blue-collar","single","basic.6y","no","no","no","telephone","may",10,350,1,999,0,"nonexistent",1.1,93.994,-36.4,4.857,5191,"no"
266,34,"self-employed","single","university.degree","no","yes","no","telephone","may",18,150,2,999,0,"nonexistent",1.1,93.994,-36.4,4.857,5191,"no"
267,31,"student","single","university.degree","unknown","no","no","telephone","may",9,332,2,999,0,"nonexistent",1.1,93.994,-36.4,4.857,5191,"no"
268,54,"management","divorced","university.degree","no","no","no","telephone","may",13,611,2,999,0,"nonexistent",1.1,93.994,-36.4,4.857,5191,"no"
269,40,"self-employed","married","basic.4y","unknown","no","no","telephone","may",25,58,3,999,0,"nonexistent",1.1,93.994,-36.4,4.857,5191,"no"
270,52,"unemployed","married","high.school","unknown","yes","no","telephone","may",26,151,1,999,0,"nonexistent",1.1,93.994,-36.4,4.857,5191,"no"
271,47,"management","divorced","university.degree","no","no","no","telephone","may",10,89,2,999,0,"nonexistent",1.1,93.994,-36.4,4.857,5191,"no"
272,49,"housemaid","married","basic.9y","unknown","no","no","telephone","may",5,152,1,999,0,"nonexistent",1.1,93.994,-36.4,4.857,5191,"no"
273,32,"admin.","single","high.school","no","no","no","telephone","may",25,611,2,999,0,"nonexistent",1.1,93.994,-36.4,4.857,5191,"no"
274,49,"housemaid","single","high.school","unknown","yes","yes","telephone","may",28,110,2,999,0,"nonexistent",1.1,93.994,-36.4,4.857,5191,"no"
275,50,"blue-collar","married","basic.9y","unknown","no","no","telephone","may",16,463,1,999,0,"nonexistent",1.1,93.994,-36.4,4.857,5191,"no"
276,34,"services","married","high.school","no","no","no","telephone","may",8,962,1,999,0,"nonexistent",1.1,93.994,-36.4,4.857,5191,"no"
277,55,"blue-collar","married","basic.4y","unknown","no","no","telephone","may",22,102,2,999,0,"nonexistent",1.1,93.994,-36.4,4.857,5191,"no"
278,47,"technician","single","basic.9y","no","no","no","telephone","may",4,10,4,999,0,"nonexistent",1.1,93.994,-36.4,4.857,5191,"no"
279,51,"retired","married","professional.course","no","no","no","telephone","may",31,118,3,999,0,"nonexistent",1.1,93.994,-36.4,4.857,5191,"no"
280,47,"blue-collar","married","basic.6y","no","no","no","telephone","may",4,92,2,999,0,"nonexistent",1.1,93.994,-36.4,4.857,5191,"no"
281,56,"technician","married","basic.4y","no","yes","no","telephone","may",10,143,3,999,0,"nonexistent",1.1,93.994,-36.4,4.857,5191,"no"
282,53,"admin.","married","basic.9y","no","no","no","telephone","may",9,189,3,999,0,"nonexistent",1.1,93.994,-36.4,4.857,5191,"no"
283,36,"blue-collar","married","basic.9y","no","yes","no","telephone","may",18,75,2,999,0,"nonexistent",1.1,93.994,-36.4,4.857,5191,"no"
284,42,"blue-collar","divorced","basic.9y","no","yes","no","telephone","may",28,189,2,999,0,"nonexistent",1.1,93.994,-36.4,4.857,5191,"no"
285,44,"blue-collar","divorced","basic.6y","no","no","no","telephone","may",11,55,2,999,0,"nonexistent",1.1,93.994,-36.4,4.857,5191,"no"
286,39,"housemaid","married","basic.9y","no","yes","no","telephone","may",31,935,3,999,0,"nonexistent",1.1,93.994,-36.4,4.857,5191,"yes"
287,37,"admin.","single","high.school","no","yes","yes","telephone","may",25,56,2,999,0,"nonexistent",1.1,93.994,-36.4,4.857,5191,"no"
288,60,"blue-collar","married","unknown","unknown","yes","no","telephone","may",15,5,2,999,0,"nonexistent",1.1,93.994,-36.4,4.857,5191,"no"
289,36,"services","married","high.school","no","no","no","telephone","may",23,225,2,999,0,"nonexistent",1.1,93.994,-36.4,4.857,5191,"no"
290,42,"management","divorced","university.degree","no","yes","no","telephone","may",7,125,2,999,0,"nonexistent",1.1,93.994,-36.4,4.857,5191,"no"
291,31,"admin.","married","high.school","no","yes","yes","telephone","may",9,286,2,999,0,"nonexistent",1.1,93.994,-36.4,4.857,5191,"no"
292,53,"technician","divorced","professional.course","unknown","no","yes","telephone","may",15,206,2,999,0,"nonexistent",1.1,93.994,-36.4,4.857,5191,"no"
293,45,"blue-collar","married","basic.4y","no","yes","no","telephone","may",16,164,2,999,0,"nonexistent",1.1,93.994,-36.4,4.857,5191,"no"
294,37,"technician","single","professional.course","no","yes","no","telephone","may",5,98,2,999,0,"nonexistent",1.1,93.994,-36.4,4.857,5191,"no"
295,47,"self-employed","married","professional.course","no","no","no","telephone","may",3,446,2,999,0,"nonexistent",1.1,93.994,-36.4,4.857,5191,"no"
296,49,"blue-collar","divorced","high.school","no","no","yes","telephone","may",31,742,2,999,0,"nonexistent",1.1,93.994,-36.4,4.857,5191,"no"
297,36,"admin.","married","university.degree","no","yes","no","telephone","may",6,120,2,999,0,"nonexistent",1.1,93.994,-36.4,4.857,5191,"no"
298,35,"services","divorced","high.school","no","no","no","telephone","may",13,122,3,999,0,"nonexistent",1.1,93.994,-36.4,4.857,5191,"no"
299,38,"unknown","married","unknown","unknown","no","no","telephone","may",25,362,4,999,0,"nonexistent",1.1,93.994,-36.4,4.857,5191,"no"
300,38,"services","single","high.school","unknown","no","no","telephone","may",19,357,2,999,0,"nonexistent",1.1,93.994,-36.4,4.857,5191,"no"
301,50,"blue-collar","divorced","high.school","unknown","no","yes","telephone","may",27,200,2,999,0,"nonexistent",1.1,93.994,-36.4,4.857,5191,"no"
302,59,"retired","married","professional.course","unknown","no","no","telephone","may",5,107,2,999,0,"nonexistent",1.1,93.994,-36.4,4.857,5191,"no"
303,43,"unknown","married","unknown","no","yes","no","telephone","may",13,267,2,999,0,"nonexistent",1.1,93.994,-36.4,4.857,5191,"no"
304,42,"admin.","married","high.school","no","yes","no","telephone","may",22,248,2,999,0,"nonexistent",1.1,93.994,-36.4,4.857,5191,"no"
305,40,"admin.","married","basic.6y","unknown","yes","no","telephone","may",8,215,2,999,0,"nonexistent",1.1,93.994,-36.4,4.857,5191,"no"
306,46,"blue-collar","married","unknown","unknown","no","no","telephone","may",22,209,2,999,0,"nonexistent",1.1,93.994,-36.4,4.857,5191,"no"
307,57,"housemaid","divorced","basic.4y","no","yes","yes","telephone","may",15,205,2,999,0,"nonexistent",1.1,93.994,-36.4,4.857,5191,"no"
308,42,"admin.","married","university.degree","no","yes","no","telephone","may",9,261,3,999,0,"nonexistent",1.1,93.994,-36.4,4.857,5191,"no"
309,41,"blue-collar","married","basic.4y","no","yes","no","telephone","may",20,83,2,999,0,"nonexistent",1.1,93.994,-36.4,4.857,5191,"no"
310,54,"management","divorced","university.degree","no","yes","no","telephone","may",13,106,3,999,0,"nonexistent",1.1,93.994,-36.4,4.857,5191,"no"
311,27,"admin.","single","university.degree","no","no","no","telephone","may",27,106,2,999,0,"nonexistent",1.1,93.994,-36.4,4.857,5191,"no"
312,36,"admin.","married","high.school","no","no","no","telephone","may",28,108,2,999,0,"nonexistent",1.1,93.994,-36.4,4.857,5191,"no"
313,58,"blue-collar","married","professional.course","unknown","yes","no","telephone","may",17,214,2,999,0,"nonexistent",1.1,93.994,-36.4,4.857,5191,"no"
314,40,"management","married","university.degree","unknown","yes","no","telephone","may",9,358,2,999,0,"nonexistent",1.1,93.994,-36.4,4.857,5191,"no"
315,34,"admin.","single","basic.9y","unknown","no","no","telephone","may",7,453,2,999,0,"nonexistent",1.1,93.994,-36.4,4.857,5191,"no"
316,33,"admin.","divorced","high.school","no","no","no","telephone","may",13,364,2,999,0,"nonexistent",1.1,93.994,-36.4,4.857,5191,"no"
317,56,"retired","married","basic.6y","no","no","no","telephone","may",19,136,2,999,0,"nonexistent",1.1,93.994,-36.4,4.857,5191,"no"
318,42,"blue-collar","married","basic.9y","no","no","no","telephone","may",20,173,2,999,0,"nonexistent",1.1,93.994,-36.4,4.857,5191,"no"
319,43,"services","married","high.school","no","yes","no","telephone","may",7,241,2,999,0,"nonexistent",1.1,93.994,-36.4,4.857,5191,"no"
320,54,"management","single","basic.9y","no","yes","no","telephone","may",22,224,3,999,0,"nonexistent",1.1,93.994,-36.4,4.857,5191,"no"
321,53,"admin.","single","basic.6y","no","yes","yes","telephone","may",31,148,2,999,0,"nonexistent",1.1,93.994,-36.4,4.857,5191,"no"
322,42,"technician","single","unknown","no","no","no","telephone","may",10,230,2,999,0,"nonexistent",1.1,93.994,-36.4,4.857,5191,"no"
323,40,"services","married","basic.6y","unknown","no","no","telephone","may",15,199,3,999,0,"nonexistent",1.1,93.994,-36.4,4.857,5191,"no"
324,54,"technician","married","professional.course","no","yes","yes","telephone","may",10,196,2,999,0,"nonexistent",1.1,93.994,-36.4,4.857,5191,"no"
325,40,"housemaid","single","professional.course","no","no","no","telephone","may",23,111,4,999,0,"nonexistent",1.1,93.994,-36.4,4.857,5191,"no"
326,26,"admin.","single","university.degree","no","yes","no","telephone","may",1,231,3,999,0,"nonexistent",1.1,93.994,-36.4,4.857,5191,"no"
327,33,"admin.","married","high.school","no","no","no","telephone","may",16,316,3,999,0,"nonexistent",1.1,93.994,-36.4,4.857,5191,"no"
328,35,"blue-collar","married","basic.9y","unknown","no","no","telephone","may",27,240,2,999,0,"nonexistent",1.1,93.994,-36.4,4.857,5191,"no"
329,36,"admin.","married","high.school","no","no","no","telephone","may",21,669,3,999,0,"nonexistent",1.1,93.994,-36.4,4.857,5191,"no"
330,29,"services","single","high.school","no","yes","no","telephone","may",31,425,2,999,0,"nonexistent",1.1,93.994,-36.4,4.857,5191,"no"
331,36,"blue-collar","married","basic.9y","no","yes","no","telephone","may",9,121,2,999,0,"nonexistent",1.1,93.994,-36.4,4.857,5191,"no"
332,35,"management","married","high.school","no","yes","no","telephone","may",30,174,5,999,0,"nonexistent",1.1,93.994,-36.4,4.857,5191,"no"
333,50,"self-employed","single","university.degree","no","no","yes","telephone","may",7,88,5,999,0,"nonexistent",1.1,93.994,-36.4,4.857,5191,"no"
334,46,"services","married","high.school","unknown","yes","no","telephone","may",1,313,3,999,0,"nonexistent",1.1,93.994,-36.4,4.857,5191,"no"
335,49,"entrepreneur","married","high.school","no","yes","no","telephone","may",28,135,4,999,0,"nonexistent",1.1,93.994,-36.4,4.857,5191,"no"
336,42,"technician","single","professional.course","unknown","yes","no","telephone","may",27,152,2,999,0,"nonexistent",1.1,93.994,-36.4,4.857,5191,"no"
337,36,"blue-collar","single","high.school","no","yes","yes","telephone","may",29,402,3,999,0,"nonexistent",1.1,93.994,-36.4,4.857,5191,"no"
338,55,"blue-collar","married","basic.9y","unknown","yes","no","telephone","may",19,221,2,999,0,"nonexistent",1.1,93.994,-36.4,4.857,5191,"no"
339,41,"management","married","university.degree","unknown","no","no","telephone","may",10,213,2,999,0,"nonexistent",1.1,93.994,-36.4,4.857,5191,"no"
340,57,"management","married","professional.course","unknown","yes","no","telephone","may",5,144,3,999,0,"nonexistent",1.1,93.994,-36.4,4.857,5191,"no"
341,32,"services","single","high.school","no","yes","no","telephone","may",11,158,3,999,0,"nonexistent",1.1,93.994,-36.4,4.857,5191,"no"
342,49,"admin.","married","basic.9y","no","no","no","telephone","may",22,220,3,999,0,"nonexistent",1.1,93.994,-36.4,4.857,5191,"no"
343,57,"unknown","married","unknown","unknown","yes","no","telephone","may",26,325,2,999,0,"nonexistent",1.1,93.994,-36.4,4.857,5191,"no"
344,58,"blue-collar","divorced","basic.4y","no","yes","no","telephone","may",2,254,2,999,0,"nonexistent",1.1,93.994,-36.4,4.857,5191,"no"
345,52,"technician","married","high.school","no","yes","no","telephone","may",24,503,2,999,0,"nonexistent",1.1,93.994,-36.4,4.857,5191,"no"
346,50,"services","divorced","professional.course","no","no","no","telephone","may",26,680,2,999,0,"nonexistent",1.1,93.994,-36.4,4.857,5191,"no"
347,41,"blue-collar","single","basic.9y","unknown","yes","no","telephone","may",25,421,4,999,0,"nonexistent",1.1,93.994,-36.4,4.857,5191,"no"
348,33,"entrepreneur","married","university.degree","no","yes","no","telephone","may",23,130,3,999,0,"nonexistent",1.1,93.994,-36.4,4.857,5191,"no"
349,57,"blue-collar","married","basic.4y","no","no","no","telephone","may",3,164,2,999,0,"nonexistent",1.1,93.994,-36.4,4.857,5191,"no"
350,48,"blue-collar","married","basic.6y","unknown","no","no","telephone","may",6,174,3,999,0,"nonexistent",1.1,93.994,-36.4,4.857,5191,"no"
351,55,"technician","married","professional.course","no","no","no","telephone","may",1,113,2,999,0,"nonexistent",1.1,93.994,-36.4,4.857,5191,"no"
352,38,"management","married","university.degree","no","no","no","telephone","may",22,195,2,999,0,"nonexistent",1.1,93.994,-36.4,4.857,5191,"no"
353,38,"services","married","high.school","no","yes","no","telephone","may",1,347,3,999,0,"nonexistent",1.1,93.994,-36.4,4.857,5191,"no"
354,53,"admin.","married","university.degree","no","yes","no","telephone","may",20,208,2,999,0,"nonexistent",1.1,93.994,-36.4,4.857,5191,"no"
355,43,"unemployed","single","university.degree","no","no","no","telephone","may",7,404,4,999,0,"nonexistent",1.1,93.994,-36.4,4.857,5191,"no"
356,36,"blue-collar","single","high.school","no","no","no","telephone","may",2,396,2,999,0,"nonexistent",1.1,93.994,-36.4,4.857,5191,"no"
357,32,"blue-collar","married","basic.9y","no","no","no","telephone","may",21,98,2,999,0,"nonexistent",1.1,93.994,-36.4,4.857,5191,"no"
358,33,"services","married","basic.4y","no","no","no","telephone","may",28,229,3,999,0,"nonexistent",1.1,93.994,-36.4,4.857,5191,"no"
359,58,"entrepreneur","married","basic.4y","no","yes","no","telephone","may",27,350,2,999,0,"nonexistent",1.1,93.994,-36.4,4.857,5191,"no"
360,40,"unemployed","divorced","high.school","unknown","no","no","telephone","may",16,88,3,999,0,"nonexistent",1.1,93.994,-36.4,4.857,5191,"no"
361,57,"management","married","university.degree","no","yes","no","telephone","may",30,379,2,999,0,"nonexistent",1.1,93.994,-36.4,4.857,5191,"no"
362,45,"technician","married","high.school","no","yes","no","telephone","may",8,168,3,999,0,"nonexistent",1.1,93.994,-36.4,4.857,5191,"no"
363,42,"blue-collar","married","basic.4y","unknown","yes","no","telephone","may",22,190,3,999,0,"nonexistent",1.1,93.994,-36.4,4.857,5191,"no"
364,46,"admin.","married","university.degree","no","yes","no","telephone","may",24,158,1,999,0,"nonexistent",1.1,93.994,-36.4,4.857,5191,"no"
365,36,"technician","married","university.degree","no","no","no","telephone","may",5,210,1,999,0,"nonexistent",1.1,93.994,-36.4,4.857,5191,"no"
366,41,"self-employed","married","high.school","no","yes","no","telephone","may",24,102,1,999,0,"nonexistent",1.1,93.994,-36.4,4.857,5191,"no"
367,57,"admin.","divorced","basic.9y","no","no","no","telephone","may",8,306,1,999,0,"nonexistent",1.1,93.994,-36.4,4.857,5191,"no"
368,49,"blue-collar","married","basic.9y","unknown","yes","no","telephone","may",26,64,1,999,0,"nonexistent",1.1,93.994,-36.4,4.857,5191,"no"
369,56,"management","divorced","high.school","no","no","no","telephone","may",12,218,1,999,0,"nonexistent",1.1,93.994,-36.4,4.857,5191,"no"
370,37,"blue-collar","married","basic.9y","no","no","no","telephone","may",2,77,1,999,0,"nonexistent",1.1,93.994,-36.4,4.857,5191,"no"
371,37,"blue-collar","married","basic.9y","no","no","yes","telephone","may",4,54,1,999,0,"nonexistent",1.1,93.994,-36.4,4.857,5191,"no"
372,46,"admin.","single","high.school","no","yes","no","telephone","may",1,344,1,999,0,"nonexistent",1.1,93.994,-36.4,4.857,5191,"no"
373,22,"blue-collar","single","basic.9y","no","yes","no","telephone","may",16,195,1,999,0,"nonexistent",1.1,93.994,-36.4,4.857,5191,"no"
374,43,"services","married","high.school","no","no","no","telephone","may",16,202,1,999,0,"nonexistent",1.1,93.994,-36.4,4.857,5191,"no"
375,49,"blue-collar","married","unknown","no","no","no","telephone","may",21,286,1,999,0,"nonexistent",1.1,93.994,-36.4,4.857,5191,"no"
376,41,"technician","married","basic.6y","no","yes","no","telephone","may",11,278,1,999,0,"nonexistent",1.1,93.994,-36.4,4.857,5191,"no"
377,38,"admin.","single","university.degree","no","no","no","telephone","may",1,189,1,999,0,"nonexistent",1.1,93.994,-36.4,4.857,5191,"no"
378,33,"admin.","married","basic.9y","no","no","no","telephone","may",28,83,1,999,0,"nonexistent",1.1,93.994,-36.4,4.857,5191,"no"
379,49,"admin.","married","university.degree","no","yes","yes","telephone","may",26,18,1,999,0,"nonexistent",1.1,93.994,-36.4,4.857,5191,"no"
380,30,"blue-collar","single","unknown","no","no","no","telephone","may",18,184,2,999,0,"nonexistent",1.1,93.994,-36.4,4.857,5191,"no"
381,33,"admin.","married","basic.9y","no","yes","no","telephone","may",13,235,1,999,0,"nonexistent",1.1,93.994,-36.4,4.857,5191,"no"
382,34,"management","single","university.degree","no","no","no","telephone","may",21,290,1,999,0,"nonexistent",1.1,93.994,-36.4,4.857,5191,"no"
383,30,"student","single","unknown","unknown","no","no","telephone","may",24,133,1,999,0,"nonexistent",1.1,93.994,-36.4,4.857,5191,"no"
384,59,"management","married","basic.4y","unknown","yes","yes","telephone","may",8,318,1,999,0,"nonexistent",1.1,93.994,-36.4,4.857,5191,"no"
385,59,"management","married","basic.4y","unknown","unknown","unknown","telephone","may",7,437,1,999,0,"nonexistent",1.1,93.994,-36.4,4.857,5191,"no"
386,41,"self-employed","married","university.degree","no","no","no","telephone","may",13,402,1,999,0,"nonexistent",1.1,93.994,-36.4,4.857,5191,"no"
387,48,"housemaid","married","basic.6y","unknown","yes","yes","telephone","may",31,501,4,999,0,"nonexistent",1.1,93.994,-36.4,4.857,5191,"no"
388,28,"unknown","single","unknown","unknown","yes","yes","telephone","may",2,1201,1,999,0,"nonexistent",1.1,93.994,-36.4,4.857,5191,"yes"
389,44,"services","married","high.school","no","yes","no","telephone","may",10,1030,1,999,0,"nonexistent",1.1,93.994,-36.4,4.857,5191,"yes"
390,59,"retired","unknown","university.degree","unknown","no","no","telephone","may",3,253,1,999,0,"nonexistent",1.1,93.994,-36.4,4.857,5191,"no"
391,50,"management","married","high.school","unknown","no","no","telephone","may",29,149,1,999,0,"nonexistent",1.1,93.994,-36.4,4.857,5191,"no"
392,35,"admin.","married","university.degree","no","no","no","telephone","may",10,144,1,999,0,"nonexistent",1.1,93.994,-36.4,4.857,5191,"no"
393,42,"admin.","married","high.school","no","no","no","telephone","may",24,69,1,999,0,"nonexistent",1.1,93.994,-36.4,4.857,5191,"no"
394,45,"admin.","married","basic.9y","no","no","no","telephone","may",23,243,1,999,0,"nonexistent",1.1,93.994,-36.4,4.857,5191,"no"
395,36,"technician","married","professional.course","no","no","no","telephone","may",6,769,2,999,0,"nonexistent",1.1,93.994,-36.4,4.857,5191,"no"
396,56,"services","married","high.school","unknown","no","no","telephone","may",3,135,3,999,0,"nonexistent",1.1,93.994,-36.4,4.857,5191,"no"
397,29,"blue-collar","divorced","basic.4y","no","no","no","telephone","may",4,231,1,999,0,"nonexistent",1.1,93.994,-36.4,4.857,5191,"no"
398,41,"self-employed","married","university.degree","no","yes","yes","telephone","may",17,442,2,999,0,"nonexistent",1.1,93.994,-36.4,4.857,5191,"no"
399,42,"blue-collar","married","basic.9y","unknown","no","no","telephone","may",5,199,1,999,0,"nonexistent",1.1,93.994,-36.4,4.857,5191,"no"
400,52,"services","single","high.school","no","no","no","telephone","may",22,455,1,999,0,"nonexistent",1.1,93.994,-36.4,4.857,5191,"no"
401,48,"services","married","high.school","unknown","unknown","unknown","telephone","may",21,152,1,999,0,"nonexistent",1.1,93.994,-36.4,4.857,5191,"no"
402,31,"blue-collar","married","high.school","unknown","yes","no","telephone","may",23,124,1,999,0,"nonexistent",1.1,93.994,-36.4,4.857,5191,"no"
403,43,"unemployed","married","university.degree","unknown","yes","no","telephone","may",19,424,1,999,0,"nonexistent",1.1,93.994,-36.4,4.857,5191,"no"
404,36,"blue-collar","married","basic.4y","unknown","no","no","telephone","may",16,43,1,999,0,"nonexistent",1.1,93.994,-36.4,4.857,5191,"no"
405,42,"entrepreneur","married","university.degree","no","yes","no","telephone","may",4,154,1,999,0,"nonexistent",1.1,93.994,-36.4,4.857,5191,"no"
406,52,"services","divorced","basic.6y","no","no","no","telephone","may",26,393,1,999,0,"nonexistent",1.1,93.994,-36.4,4.857,5191,"no"
407,39,"admin.","married","high.school","no","yes","no","telephone","may",3,203,2,999,0,"nonexistent",1.1,93.994,-36.4,4.857,5191,"no"
408,36,"services","married","high.school","no","no","yes","telephone","may",23,140,2,999,0,"nonexistent",1.1,93.994,-36.4,4.857,5191,"no"
409,42,"blue-collar","married","basic.9y","unknown","yes","no","telephone","may",30,326,1,999,0,"nonexistent",1.1,93.994,-36.4,4.857,5191,"no"
410,41,"admin.","married","high.school","no","no","no","telephone","may",3,483,1,999,0,"nonexistent",1.1,93.994,-36.4,4.857,5191,"no"
411,55,"technician","married","basic.4y","no","no","yes","telephone","may",12,259,1,999,0,"nonexistent",1.1,93.994,-36.4,4.857,5191,"no"
412,30,"blue-collar","married","basic.9y","no","no","no","telephone","may",1,227,1,999,0,"nonexistent",1.1,93.994,-36.4,4.857,5191,"no"
413,57,"retired","unknown","basic.4y","no","no","no","telephone","may",1,673,1,999,0,"nonexistent",1.1,93.994,-36.4,4.857,5191,"no"
414,45,"entrepreneur","married","basic.4y","unknown","yes","no","telephone","may",23,576,1,999,0,"nonexistent",1.1,93.994,-36.4,4.857,5191,"no"
415,51,"blue-collar","married","basic.4y","unknown","yes","yes","telephone","may",24,180,2,999,0,"nonexistent",1.1,93.994,-36.4,4.857,5191,"no"
416,39,"self-employed","single","basic.9y","unknown","yes","yes","telephone","may",18,90,1,999,0,"nonexistent",1.1,93.994,-36.4,4.857,5191,"no"
417,47,"admin.","married","high.school","unknown","no","no","telephone","may",22,505,1,999,0,"nonexistent",1.1,93.994,-36.4,4.857,5191,"no"
418,27,"services","married","high.school","no","yes","no","telephone","may",3,245,1,999,0,"nonexistent",1.1,93.994,-36.4,4.857,5191,"no"
419,34,"technician","single","university.degree","no","yes","no","telephone","may",23,186,1,999,0,"nonexistent",1.1,93.994,-36.4,4.857,5191,"no"
420,57,"blue-collar","married","basic.4y","unknown","yes","no","telephone","may",5,208,1,999,0,"nonexistent",1.1,93.994,-36.4,4.857,5191,"no"
421,43,"entrepreneur","married","basic.4y","no","no","no","telephone","may",30,623,1,999,0,"nonexistent",1.1,93.994,-36.4,4.857,5191,"no"
422,49,"blue-collar","married","basic.4y","unknown","no","no","telephone","may",8,180,1,999,0,"nonexistent",1.1,93.994,-36.4,4.857,5191,"no"
423,39,"management","married","university.degree","unknown","no","no","telephone","may",11,496,3,999,0,"nonexistent",1.1,93.994,-36.4,4.857,5191,"no"
424,38,"blue-collar","married","basic.4y","unknown","yes","no","telephone","may",20,118,1,999,0,"nonexistent",1.1,93.994,-36.4,4.857,5191,"no"
425,49,"blue-collar","married","basic.9y","no","no","no","telephone","may",16,102,2,999,0,"nonexistent",1.1,93.994,-36.4,4.857,5191,"no"
426,58,"management","married","basic.6y","no","no","no","telephone","may",9,342,1,999,0,"nonexistent",1.1,93.994,-36.4,4.857,5191,"no"
427,43,"technician","married","professional.course","no","yes","no","telephone","may",1,225,1,999,0,"nonexistent",1.1,93.994,-36.4,4.857,5191,"no"
428,50,"unknown","married","unknown","unknown","yes","no","telephone","may",3,185,3,999,0,"nonexistent",1.1,93.994,-36.4,4.857,5191,"no"
429,31,"services","married","high.school","unknown","no","no","telephone","may",12,276,1,999,0,"nonexistent",1.1,93.994,-36.4,4.857,5191,"no"
430,43,"self-employed","divorced","university.degree","no","no","no","telephone","may",29,87,1,999,0,"nonexistent",1.1,93.994,-36.4,4.857,5191,"no"
431,43,"self-employed","married","basic.9y","unknown","no","no","telephone","may",13,744,1,999,0,"nonexistent",1.1,93.994,-36.4,4.857,5191,"no"
432,30,"self-employed","single","university.degree","no","yes","no","telephone","may",22,262,1,999,0,"nonexistent",1.1,93.994,-36.4,4.857,5191,"no"
433,27,"services","single","professional.course","no","yes","yes","telephone","may",25,271,1,999,0,"nonexistent",1.1,93.994,-36.4,4.857,5191,"no"
434,51,"services","married","unknown","unknown","no","no","telephone","may",26,141,1,999,0,"nonexistent",1.1,93.994,-36.4,4.857,5191,"no"
435,37,"technician","married","professional.course","no","yes","no","telephone","may",5,198,2,999,0,"nonexistent",1.1,93.994,-36.4,4.857,5191,"no"
436,46,"housemaid","married","basic.9y","no","yes","no","telephone","may",13,150,1,999,0,"nonexistent",1.1,93.994,-36.4,4.857,5191,"no"
437,35,"blue-collar","married","professional.course","no","no","no","telephone","may",22,241,1,999,0,"nonexistent",1.1,93.994,-36.4,4.857,5191,"no"
438,47,"admin.","divorced","university.degree","no","no","no","telephone","may",18,196,1,999,0,"nonexistent",1.1,93.994,-36.4,4.857,5191,"no"
439,46,"management","married","unknown","no","yes","no","telephone","may",18,149,1,999,0,"nonexistent",1.1,93.994,-36.4,4.857,5191,"no"
440,40,"technician","married","professional.course","unknown","no","yes","telephone","may",11,264,1,999,0,"nonexistent",1.1,93.994,-36.4,4.857,5191,"no"
441,26,"housemaid","married","university.degree","no","no","no","telephone","may",22,246,1,999,0,"nonexistent",1.1,93.994,-36.4,4.857,5191,"no"
442,32,"blue-collar","divorced","basic.9y","unknown","no","no","telephone","may",27,309,2,999,0,"nonexistent",1.1,93.994,-36.4,4.857,5191,"no"
443,45,"management","married","university.degree","no","yes","no","telephone","may",20,140,1,999,0,"nonexistent",1.1,93.994,-36.4,4.857,5191,"no"
444,34,"admin.","married","basic.9y","no","no","no","telephone","may",13,175,1,999,0,"nonexistent",1.1,93.994,-36.4,4.857,5191,"no"
445,47,"blue-collar","married","unknown","unknown","no","no","telephone","may",7,136,1,999,0,"nonexistent",1.1,93.994,-36.4,4.857,5191,"no"
446,42,"technician","married","professional.course","no","no","no","telephone","may",29,1623,1,999,0,"nonexistent",1.1,93.994,-36.4,4.857,5191,"yes"
447,57,"technician","married","basic.4y","unknown","no","yes","telephone","may",16,50,1,999,0,"nonexistent",1.1,93.994,-36.4,4.857,5191,"no"
448,57,"technician","married","basic.4y","unknown","no","no","telephone","may",15,101,1,999,0,"nonexistent",1.1,93.994,-36.4,4.857,5191,"no"
449,38,"blue-collar","married","basic.4y","no","no","yes","telephone","may",9,144,1,999,0,"nonexistent",1.1,93.994,-36.4,4.857,5191,"no"
450,57,"technician","married","basic.4y","unknown","no","no","telephone","may",17,238,1,999,0,"nonexistent",1.1,93.994,-36.4,4.857,5191,"no"
451,28,"student","single","basic.9y","unknown","yes","no","telephone","may",13,354,1,999,0,"nonexistent",1.1,93.994,-36.4,4.857,5191,"no"
452,60,"management","married","university.degree","no","no","no","telephone","may",7,451,2,999,0,"nonexistent",1.1,93.994,-36.4,4.857,5191,"no"
453,48,"admin.","married","university.degree","no","yes","no","telephone","may",23,159,1,999,0,"nonexistent",1.1,93.994,-36.4,4.857,5191,"no"
454,47,"technician","married","professional.course","no","yes","no","telephone","may",19,170,1,999,0,"nonexistent",1.1,93.994,-36.4,4.857,5191,"no"
455,40,"admin.","married","high.school","no","no","no","telephone","may",30,243,1,999,0,"nonexistent",1.1,93.994,-36.4,4.857,5191,"no"
456,51,"management","married","professional.course","unknown","yes","no","telephone","may",3,141,2,999,0,"nonexistent",1.1,93.994,-36.4,4.857,5191,"no"
457,48,"unemployed","single","basic.4y","no","yes","no","telephone","may",8,112,1,999,0,"nonexistent",1.1,93.994,-36.4,4.857,5191,"no"
458,54,"housemaid","married","basic.4y","no","no","no","telephone","may",1,262,2,999,0,"nonexistent",1.1,93.994,-36.4,4.857,5191,"no"
459,40,"blue-collar","married","basic.6y","no","no","yes","telephone","may",9,53,1,999,0,"nonexistent",1.1,93.994,-36.4,4.857,5191,"no"
460,44,"admin.","single","basic.9y","unknown","no","no","telephone","may",25,134,1,999,0,"nonexistent",1.1,93.994,-36.4,4.857,5191,"no"
461,42,"technician","divorced","high.school","no","no","no","telephone","may",21,204,4,999,0,"nonexistent",1.1,93.994,-36.4,4.857,5191,"no"
462,52,"self-employed","married","university.degree","no","yes","no","telephone","may",22,678,1,999,0,"nonexistent",1.1,93.994,-36.4,4.857,5191,"no"
463,31,"blue-collar","single","basic.9y","no","yes","no","telephone","may",18,182,1,999,0,"nonexistent",1.1,93.994,-36.4,4.857,5191,"no"
464,32,"services","married","high.school","no","no","no","telephone","may",26,162,1,999,0,"nonexistent",1.1,93.994,-36.4,4.857,5191,"no"
465,44,"admin.","married","high.school","no","yes","yes","telephone","may",5,177,1,999,0,"nonexistent",1.1,93.994,-36.4,4.857,5191,"no"
466,39,"management","married","basic.6y","unknown","no","no","telephone","may",12,27,1,999,0,"nonexistent",1.1,93.994,-36.4,4.857,5191,"no"
467,57,"management","married","professional.course","unknown","yes","no","telephone","may",20,699,3,999,0,"nonexistent",1.1,93.994,-36.4,4.857,5191,"no"
468,52,"admin.","married","basic.4y","no","yes","no","telephone","may",13,358,1,999,0,"nonexistent",1.1,93.994,-36.4,4.857,5191,"no"
469,42,"management","married","university.degree","no","no","no","telephone","may",18,1677,1,999,0,"nonexistent",1.1,93.994,-36.4,4.857,5191,"yes"
470,42,"technician","single","professional.course","unknown","unknown","unknown","telephone","may",10,529,1,999,0,"nonexistent",1.1,93.994,-36.4,4.857,5191,"no"
471,43,"management","married","professional.course","no","yes","no","telephone","may",4,310,1,999,0,"nonexistent",1.1,93.994,-36.4,4.857,5191,"no"
472,31,"admin.","divorced","high.school","no","no","no","telephone","may",11,47,1,999,0,"nonexistent",1.1,93.994,-36.4,4.857,5191,"no"
473,29,"admin.","married","university.degree","unknown","yes","no","telephone","may",16,379,1,999,0,"nonexistent",1.1,93.994,-36.4,4.857,5191,"no"
474,57,"blue-collar","divorced","basic.4y","no","no","no","telephone","may",30,30,2,999,0,"nonexistent",1.1,93.994,-36.4,4.857,5191,"no"
475,44,"blue-collar","married","basic.9y","unknown","no","no","telephone","may",22,472,1,999,0,"nonexistent",1.1,93.994,-36.4,4.857,5191,"no"
476,59,"unknown","married","unknown","unknown","no","no","telephone","may",6,113,1,999,0,"nonexistent",1.1,93.994,-36.4,4.857,5191,"no"
477,39,"blue-collar","married","basic.4y","unknown","no","no","telephone","may",27,114,1,999,0,"nonexistent",1.1,93.994,-36.4,4.857,5191,"no"
478,57,"retired","married","university.degree","no","no","no","telephone","may",3,116,1,999,0,"nonexistent",1.1,93.994,-36.4,4.857,5191,"no"
479,41,"management","married","unknown","unknown","no","no","telephone","may",23,448,1,999,0,"nonexistent",1.1,93.994,-36.4,4.857,5191,"no"
480,37,"technician","single","high.school","unknown","no","yes","telephone","may",5,264,1,999,0,"nonexistent",1.1,93.994,-36.4,4.857,5191,"no"
481,38,"services","married","high.school","no","yes","no","telephone","may",16,169,1,999,0,"nonexistent",1.1,93.994,-36.4,4.857,5191,"no"
482,42,"retired","married","basic.4y","no","no","no","telephone","may",4,145,1,999,0,"nonexistent",1.1,93.994,-36.4,4.857,5191,"no"
483,49,"unknown","married","unknown","unknown","yes","no","telephone","may",24,288,1,999,0,"nonexistent",1.1,93.994,-36.4,4.857,5191,"no"
484,54,"management","married","basic.6y","unknown","yes","yes","telephone","may",31,381,1,999,0,"nonexistent",1.1,93.994,-36.4,4.857,5191,"no"
485,36,"admin.","married","university.degree","no","unknown","unknown","telephone","may",30,176,2,999,0,"nonexistent",1.1,93.994,-36.4,4.857,5191,"no"
486,32,"admin.","single","university.degree","unknown","no","no","telephone","may",2,215,1,999,0,"nonexistent",1.1,93.994,-36.4,4.857,5191,"no"
487,35,"technician","married","professional.course","no","yes","no","telephone","may",6,278,1,999,0,"nonexistent",1.1,93.994,-36.4,4.857,5191,"no"
488,45,"housemaid","married","professional.course","unknown","no","no","telephone","may",2,188,2,999,0,"nonexistent",1.1,93.994,-36.4,4.857,5191,"no"
489,56,"technician","married","unknown","no","yes","no","telephone","may",6,174,2,999,0,"nonexistent",1.1,93.994,-36.4,4.857,5191,"no"
490,34,"technician","married","university.degree","no","yes","no","telephone","may",18,226,2,999,0,"nonexistent",1.1,93.994,-36.4,4.857,5191,"no"
491,41,"unemployed","married","basic.9y","unknown","no","no","telephone","may",17,111,2,999,0,"nonexistent",1.1,93.994,-36.4,4.857,5191,"no"
492,41,"services","married","basic.9y","no","no","no","telephone","may",10,157,2,999,0,"nonexistent",1.1,93.994,-36.4,4.857,5191,"no"
493,36,"blue-collar","married","basic.9y","unknown","no","no","telephone","may",28,46,1,999,0,"nonexistent",1.1,93.994,-36.4,4.857,5191,"no"
494,32,"admin.","single","university.degree","unknown","unknown","unknown","telephone","may",29,49,1,999,0,"nonexistent",1.1,93.994,-36.4,4.857,5191,"no"
495,31,"services","married","high.school","unknown","unknown","unknown","telephone","may",16,374,1,999,0,"nonexistent",1.1,93.994,-36.4,4.857,5191,"no"
496,38,"technician","married","professional.course","no","yes","no","telephone","may",1,349,1,999,0,"nonexistent",1.1,93.994,-36.4,4.857,5191,"no"
497,35,"admin.","divorced","university.degree","unknown","yes","no","telephone","may",16,325,1,999,0,"nonexistent",1.1,93.994,-36.4,4.857,5191,"no"
498,53,"admin.","married","professional.course","no","yes","no","telephone","may",10,233,2,999,0,"nonexistent",1.1,93.994,-36.4,4.857,5191,"no"
499,51,"admin.","married","basic.6y","unknown","yes","no","telephone","may",2,531,1,999,0,"nonexistent",1.1,93.994,-36.4,4.857,5191,"no"
500,56,"entrepreneur","married","university.degree","unknown","no","no","telephone","may",19,153,1,999,0,"nonexistent",1.1,93.994,-36.4,4.857,5191,"no"
501,33,"admin.","married","basic.9y","no","unknown","unknown","telephone","may",4,80,1,999,0,"nonexistent",1.1,93.994,-36.4,4.857,5191,"no"
502,33,"admin.","married","basic.9y","no","no","no","telephone","may",25,198,1,999,0,"nonexistent",1.1,93.994,-36.4,4.857,5191,"no"
503,51,"services","divorced","high.school","unknown","yes","no","telephone","may",8,568,1,999,0,"nonexistent",1.1,93.994,-36.4,4.857,5191,"no"
504,39,"services","married","high.school","unknown","yes","no","telephone","may",31,918,1,999,0,"nonexistent",1.1,93.994,-36.4,4.857,5191,"yes"
505,45,"entrepreneur","married","university.degree","no","no","no","telephone","may",10,82,1,999,0,"nonexistent",1.1,93.994,-36.4,4.857,5191,"no"
506,40,"technician","single","university.degree","no","no","no","telephone","may",10,198,3,999,0,"nonexistent",1.1,93.994,-36.4,4.857,5191,"no"
507,60,"unknown","single","unknown","unknown","yes","no","telephone","may",11,211,1,999,0,"nonexistent",1.1,93.994,-36.4,4.857,5191,"no"
508,33,"technician","married","university.degree","no","yes","no","telephone","may",12,120,1,999,0,"nonexistent",1.1,93.994,-36.4,4.857,5191,"no"
509,47,"blue-collar","married","high.school","unknown","yes","no","telephone","may",25,269,1,999,0,"nonexistent",1.1,93.994,-36.4,4.857,5191,"no"
510,48,"blue-collar","married","basic.4y","no","no","no","telephone","may",9,128,1,999,0,"nonexistent",1.1,93.994,-36.4,4.857,5191,"no"
511,43,"entrepreneur","married","high.school","no","no","no","telephone","may",17,166,2,999,0,"nonexistent",1.1,93.994,-36.4,4.857,5191,"no"
512,37,"management","married","university.degree","no","yes","no","telephone","may",19,211,1,999,0,"nonexistent",1.1,93.994,-36.4,4.857,5191,"no"
513,50,"services","married","basic.9y","no","yes","yes","telephone","may",11,369,1,999,0,"nonexistent",1.1,93.994,-36.4,4.857,5191,"no"
514,59,"entrepreneur","married","high.school","no","yes","no","telephone","may",21,91,1,999,0,"nonexistent",1.1,93.994,-36.4,4.857,5191,"no"
515,32,"technician","married","unknown","unknown","yes","no","telephone","may",4,267,2,999,0,"nonexistent",1.1,93.994,-36.4,4.857,5191,"no"
516,42,"housemaid","single","basic.4y","unknown","yes","no","telephone","may",28,198,1,999,0,"nonexistent",1.1,93.994,-36.4,4.857,5191,"no"
517,52,"blue-collar","married","basic.4y","no","no","no","telephone","may",8,371,2,999,0,"nonexistent",1.1,93.994,-36.4,4.857,5191,"no"
518,42,"blue-collar","married","unknown","unknown","no","no","telephone","may",11,288,2,999,0,"nonexistent",1.1,93.994,-36.4,4.857,5191,"no"
519,42,"admin.","married","unknown","no","no","no","telephone","may",8,221,1,999,0,"nonexistent",1.1,93.994,-36.4,4.857,5191,"no"
520,40,"management","married","basic.9y","unknown","unknown","unknown","telephone","may",1,427,1,999,0,"nonexistent",1.1,93.994,-36.4,4.857,5191,"no"
521,38,"blue-collar","married","basic.9y","no","no","no","telephone","may",23,310,1,999,0,"nonexistent",1.1,93.994,-36.4,4.857,5191,"no"
522,39,"blue-collar","married","basic.6y","no","yes","no","telephone","may",4,158,1,999,0,"nonexistent",1.1,93.994,-36.4,4.857,5191,"no"
523,39,"blue-collar","married","basic.6y","no","no","no","telephone","may",19,198,1,999,0,"nonexistent",1.1,93.994,-36.4,4.857,5191,"no"
524,38,"admin.","married","high.school","no","no","no","telephone","may",2,145,1,999,0,"nonexistent",1.1,93.994,-36.4,4.857,5191,"no"
525,47,"admin.","single","unknown","unknown","yes","no","telephone","may",4,247,1,999,0,"nonexistent",1.1,93.994,-36.4,4.857,5191,"no"
526,30,"services","single","high.school","no","no","no","telephone","may",7,102,1,999,0,"nonexistent",1.1,93.994,-36.4,4.857,5191,"no"
527,38,"admin.","divorced","high.school","no","yes","yes","telephone","may",6,179,2,999,0,"nonexistent",1.1,93.994,-36.4,4.857,5191,"no"
528,39,"technician","divorced","university.degree","no","no","no","telephone","may",16,73,1,999,0,"nonexistent",1.1,93.994,-36.4,4.857,5191,"no"
529,44,"admin.","married","high.school","no","no","no","telephone","may",22,263,2,999,0,"nonexistent",1.1,93.994,-36.4,4.857,5191,"no"
530,36,"admin.","married","high.school","no","no","no","telephone","may",7,342,2,999,0,"nonexistent",1.1,93.994,-36.4,4.857,5191,"no"
531,41,"services","married","high.school","unknown","yes","yes","telephone","may",25,41,1,999,0,"nonexistent",1.1,93.994,-36.4,4.857,5191,"no"
532,41,"blue-collar","married","basic.6y","no","no","no","telephone","may",16,13,1,999,0,"nonexistent",1.1,93.994,-36.4,4.857,5191,"no"
533,35,"blue-collar","married","basic.9y","no","no","no","telephone","may",3,79,2,999,0,"nonexistent",1.1,93.994,-36.4,4.857,5191,"no"
534,41,"technician","married","high.school","no","no","no","telephone","may",29,358,1,999,0,"nonexistent",1.1,93.994,-36.4,4.857,5191,"no"
535,36,"services","married","high.school","unknown","no","no","telephone","may",20,162,1,999,0,"nonexistent",1.1,93.994,-36.4,4.857,5191,"no"
536,35,"admin.","single","high.school","no","yes","yes","telephone","may",30,150,1,999,0,"nonexistent",1.1,93.994,-36.4,4.857,5191,"no"
537,33,"blue-collar","single","basic.4y","unknown","no","no","telephone","may",23,26,1,999,0,"nonexistent",1.1,93.994,-36.4,4.857,5191,"no"
538,38,"admin.","single","basic.6y","unknown","no","no","telephone","may",29,250,1,999,0,"nonexistent",1.1,93.994,-36.4,4.857,5191,"no"
539,33,"self-employed","married","university.degree","no","no","no","telephone","may",9,792,1,999,0,"nonexistent",1.1,93.994,-36.4,4.857,5191,"no"
540,55,"self-employed","married","unknown","unknown","no","no","telephone","may",23,146,1,999,0,"nonexistent",1.1,93.994,-36.4,4.857,5191,"no"
541,36,"blue-collar","single","basic.9y","unknown","no","no","telephone","may",26,440,1,999,0,"nonexistent",1.1,93.994,-36.4,4.857,5191,"no"
542,57,"technician","married","professional.course","unknown","no","yes","telephone","may",18,289,1,999,0,"nonexistent",1.1,93.994,-36.4,4.857,5191,"no"
543,32,"entrepreneur","single","university.degree","no","yes","no","telephone","may",29,242,2,999,0,"nonexistent",1.1,93.994,-36.4,4.857,5191,"no"
544,30,"self-employed","single","high.school","no","yes","no","telephone","may",25,123,1,999,0,"nonexistent",1.1,93.994,-36.4,4.857,5191,"no"
545,43,"admin.","married","professional.course","no","yes","yes","telephone","may",1,161,2,999,0,"nonexistent",1.1,93.994,-36.4,4.857,5191,"no"
546,46,"admin.","married","university.degree","no","no","no","telephone","may",28,268,2,999,0,"nonexistent",1.1,93.994,-36.4,4.857,5191,"no"
547,35,"admin.","divorced","high.school","no","no","yes","telephone","may",3,259,2,999,0,"nonexistent",1.1,93.994,-36.4,4.857,5191,"no"
548,34,"admin.","single","university.degree","no","yes","yes","telephone","may",25,26,1,999,0,"nonexistent",1.1,93.994,-36.4,4.857,5191,"no"
549,50,"blue-collar","married","basic.4y","unknown","unknown","unknown","telephone","may",3,153,1,999,0,"nonexistent",1.1,93.994,-36.4,4.857,5191,"no"
550,39,"admin.","single","university.degree","no","no","no","telephone","may",4,424,2,999,0,"nonexistent",1.1,93.994,-36.4,4.857,5191,"no"
551,39,"blue-collar","married","basic.9y","unknown","no","no","telephone","may",22,375,1,999,0,"nonexistent",1.1,93.994,-36.4,4.857,5191,"no"
552,42,"entrepreneur","married","basic.6y","no","no","no","telephone","may",11,179,2,999,0,"nonexistent",1.1,93.994,-36.4,4.857,5191,"no"
553,57,"retired","married","university.degree","no","yes","no","telephone","may",14,383,1,999,0,"nonexistent",1.1,93.994,-36.4,4.857,5191,"no"
554,45,"blue-collar","married","basic.4y","unknown","no","no","telephone","may",25,440,1,999,0,"nonexistent",1.1,93.994,-36.4,4.857,5191,"no"
555,40,"technician","married","basic.4y","no","no","yes","telephone","may",13,195,1,999,0,"nonexistent",1.1,93.994,-36.4,4.857,5191,"no"
556,42,"blue-collar","married","high.school","no","no","yes","telephone","may",2,1297,3,999,0,"nonexistent",1.1,93.994,-36.4,4.857,5191,"yes"
557,40,"technician","married","basic.4y","no","no","no","telephone","may",12,217,1,999,0,"nonexistent",1.1,93.994,-36.4,4.857,5191,"no"
558,38,"blue-collar","single","basic.4y","unknown","no","no","telephone","may",19,87,1,999,0,"nonexistent",1.1,93.994,-36.4,4.857,5191,"no"
559,39,"blue-collar","married","basic.6y","unknown","yes","yes","telephone","may",21,427,1,999,0,"nonexistent",1.1,93.994,-36.4,4.857,5191,"no"
560,41,"blue-collar","married","basic.4y","no","no","no","telephone","may",18,189,1,999,0,"nonexistent",1.1,93.994,-36.4,4.857,5191,"no"
561,39,"blue-collar","married","basic.6y","unknown","yes","no","telephone","may",22,502,1,999,0,"nonexistent",1.1,93.994,-36.4,4.857,5191,"no"
562,41,"blue-collar","married","basic.4y","no","yes","yes","telephone","may",27,260,1,999,0,"nonexistent",1.1,93.994,-36.4,4.857,5191,"no"
563,45,"admin.","married","university.degree","unknown","no","no","telephone","may",6,209,1,999,0,"nonexistent",1.1,93.994,-36.4,4.857,5191,"no"
564,35,"admin.","divorced","university.degree","no","unknown","unknown","telephone","may",12,179,1,999,0,"nonexistent",1.1,93.994,-36.4,4.857,5191,"no"
565,35,"admin.","married","basic.6y","no","yes","no","telephone","may",16,179,1,999,0,"nonexistent",1.1,93.994,-36.4,4.857,5191,"no"
566,49,"blue-collar","married","high.school","unknown","no","no","telephone","may",23,69,1,999,0,"nonexistent",1.1,93.994,-36.4,4.857,5191,"no"
567,36,"technician","married","unknown","no","no","no","telephone","may",14,105,2,999,0,"nonexistent",1.1,93.994,-36.4,4.857,5191,"no"
568,23,"admin.","single","university.degree","no","no","no","telephone","may",29,266,3,999,0,"nonexistent",1.1,93.994,-36.4,4.857,5191,"no"
569,43,"unemployed","married","university.degree","unknown","unknown","unknown","telephone","may",21,87,2,999,0,"nonexistent",1.1,93.994,-36.4,4.857,5191,"no"
570,49,"entrepreneur","married","professional.course","no","unknown","unknown","telephone","may",22,524,2,999,0,"nonexistent",1.1,93.994,-36.4,4.857,5191,"no"
571,36,"technician","married","professional.course","no","unknown","unknown","telephone","may",17,155,2,999,0,"nonexistent",1.1,93.994,-36.4,4.857,5191,"no"
572,51,"blue-collar","married","basic.9y","unknown","yes","no","telephone","may",25,162,2,999,0,"nonexistent",1.1,93.994,-36.4,4.857,5191,"no"
573,56,"retired","married","basic.4y","unknown","yes","yes","telephone","may",27,316,4,999,0,"nonexistent",1.1,93.994,-36.4,4.857,5191,"no"
574,45,"housemaid","married","high.school","no","no","no","telephone","may",24,352,2,999,0,"nonexistent",1.1,93.994,-36.4,4.857,5191,"no"
575,42,"admin.","married","high.school","no","no","no","telephone","may",30,695,3,999,0,"nonexistent",1.1,93.994,-36.4,4.857,5191,"no"
576,41,"admin.","divorced","high.school","no","no","no","telephone","may",31,76,4,999,0,"nonexistent",1.1,93.994,-36.4,4.857,5191,"no"
577,32,"services","married","high.school","unknown","no","yes","telephone","may",12,535,2,999,0,"nonexistent",1.1,93.994,-36.4,4.857,5191,"no"
578,46,"management","married","university.degree","no","no","no","telephone","may",8,310,2,999,0,"nonexistent",1.1,93.994,-36.4,4.857,5191,"no"
579,37,"blue-collar","married","unknown","no","no","no","telephone","may",2,390,3,999,0,"nonexistent",1.1,93.994,-36.4,4.857,5191,"no"
580,53,"management","married","university.degree","unknown","no","no","telephone","may",13,369,1,999,0,"nonexistent",1.1,93.994,-36.4,4.857,5191,"no"
581,30,"blue-collar","married","basic.4y","no","no","no","telephone","may",2,112,2,999,0,"nonexistent",1.1,93.994,-36.4,4.857,5191,"no"
582,45,"unknown","married","unknown","unknown","no","no","telephone","may",13,79,1,999,0,"nonexistent",1.1,93.994,-36.4,4.857,5191,"no"
583,24,"technician","single","professional.course","no","no","yes","telephone","may",28,140,2,999,0,"nonexistent",1.1,93.994,-36.4,4.857,5191,"no"
584,45,"unknown","married","unknown","unknown","no","no","telephone","may",18,315,1,999,0,"nonexistent",1.1,93.994,-36.4,4.857,5191,"no"
585,34,"admin.","single","university.degree","no","no","yes","telephone","may",7,262,2,999,0,"nonexistent",1.1,93.994,-36.4,4.857,5191,"no"
586,41,"management","married","university.degree","unknown","no","no","telephone","may",6,174,2,999,0,"nonexistent",1.1,93.994,-36.4,4.857,5191,"no"
587,59,"blue-collar","married","basic.4y","no","yes","no","telephone","may",10,424,2,999,0,"nonexistent",1.1,93.994,-36.4,4.857,5191,"no"
588,45,"blue-collar","married","basic.4y","unknown","no","no","telephone","may",6,135,1,999,0,"nonexistent",1.1,93.994,-36.4,4.857,5191,"no"
589,54,"blue-collar","married","basic.6y","unknown","no","no","telephone","may",9,36,5,999,0,"nonexistent",1.1,93.994,-36.4,4.857,5191,"no"
590,32,"technician","married","professional.course","no","no","no","telephone","may",15,1906,3,999,0,"nonexistent",1.1,93.994,-36.4,4.857,5191,"no"
591,33,"technician","married","professional.course","no","yes","no","telephone","may",6,219,2,999,0,"nonexistent",1.1,93.994,-36.4,4.857,5191,"no"
592,32,"admin.","married","university.degree","no","no","no","telephone","may",20,135,1,999,0,"nonexistent",1.1,93.994,-36.4,4.857,5191,"no"
593,34,"services","single","high.school","no","unknown","unknown","telephone","may",26,147,2,999,0,"nonexistent",1.1,93.994,-36.4,4.857,5191,"no"
594,46,"management","married","university.degree","no","no","no","telephone","may",23,407,2,999,0,"nonexistent",1.1,93.994,-36.4,4.857,5191,"no"
595,57,"technician","married","professional.course","no","yes","no","telephone","may",14,402,4,999,0,"nonexistent",1.1,93.994,-36.4,4.857,5191,"no"
596,42,"technician","married","basic.9y","no","no","no","telephone","may",30,209,1,999,0,"nonexistent",1.1,93.994,-36.4,4.857,5191,"no"
597,48,"admin.","married","professional.course","no","yes","no","telephone","may",11,92,2,999,0,"nonexistent",1.1,93.994,-36.4,4.857,5191,"no"
598,58,"admin.","divorced","university.degree","unknown","yes","no","telephone","may",7,208,1,999,0,"nonexistent",1.1,93.994,-36.4,4.857,5191,"no"
599,34,"services","married","high.school","no","no","no","telephone","may",27,193,1,999,0,"nonexistent",1.1,93.994,-36.4,4.857,5191,"no"
600,32,"admin.","single","university.degree","no","yes","yes","telephone","may",31,65,1,999,0,"nonexistent",1.1,93.994,-36.4,4.857,5191,"no"
601,48,"blue-collar","married","basic.9y","no","no","no","telephone","may",10,284,2,999,0,"nonexistent",1.1,93.994,-36.4,4.857,5191,"no"
602,47,"blue-collar","married","basic.9y","no","no","no","telephone","may",25,285,1,999,0,"nonexistent",1.1,93.994,-36.4,4.857,5191,"no"
603,31,"services","married","high.school","unknown","no","no","telephone","may",14,231,1,999,0,"nonexistent",1.1,93.994,-36.4,4.857,5191,"no"
604,32,"admin.","single","university.degree","no","yes","no","telephone","may",7,278,1,999,0,"nonexistent",1.1,93.994,-36.4,4.857,5191,"no"
605,32,"admin.","single","university.degree","no","no","no","telephone","may",22,389,1,999,0,"nonexistent",1.1,93.994,-36.4,4.857,5191,"no"
606,36,"services","married","high.school","no","no","no","telephone","may",23,158,1,999,0,"nonexistent",1.1,93.994,-36.4,4.857,5191,"no"
607,53,"blue-collar","married","basic.4y","unknown","no","yes","telephone","may",6,78,2,999,0,"nonexistent",1.1,93.994,-36.4,4.857,5191,"no"
608,37,"blue-collar","married","basic.9y","unknown","no","no","telephone","may",22,258,5,999,0,"nonexistent",1.1,93.994,-36.4,4.857,5191,"no"
609,50,"services","married","high.school","no","no","no","telephone","may",18,87,1,999,0,"nonexistent",1.1,93.994,-36.4,4.857,5191,"no"
610,46,"blue-collar","married","basic.6y","no","yes","no","telephone","may",27,147,2,999,0,"nonexistent",1.1,93.994,-36.4,4.857,5191,"no"
611,41,"admin.","married","high.school","no","no","no","telephone","may",1,635,1,999,0,"nonexistent",1.1,93.994,-36.4,4.857,5191,"no"
612,43,"blue-collar","single","basic.4y","no","no","no","telephone","may",22,289,1,999,0,"nonexistent",1.1,93.994,-36.4,4.857,5191,"no"
613,51,"management","married","university.degree","no","yes","no","telephone","may",31,170,3,999,0,"nonexistent",1.1,93.994,-36.4,4.857,5191,"no"
614,38,"admin.","married","university.degree","no","yes","no","telephone","may",20,802,1,999,0,"nonexistent",1.1,93.994,-36.4,4.857,5191,"no"
615,41,"technician","married","basic.6y","no","yes","no","telephone","may",13,381,2,999,0,"nonexistent",1.1,93.994,-36.4,4.857,5191,"no"
616,39,"services","married","high.school","unknown","no","no","telephone","may",31,218,4,999,0,"nonexistent",1.1,93.994,-36.4,4.857,5191,"no"
617,52,"blue-collar","married","basic.4y","no","no","no","telephone","may",1,57,2,999,0,"nonexistent",1.1,93.994,-36.4,4.857,5191,"no"
618,37,"technician","married","professional.course","no","yes","no","telephone","may",6,304,2,999,0,"nonexistent",1.1,93.994,-36.4,4.857,5191,"no"
619,41,"admin.","married","basic.9y","no","yes","no","telephone","may",11,241,3,999,0,"nonexistent",1.1,93.994,-36.4,4.857,5191,"no"
620,46,"admin.","divorced","university.degree","no","yes","yes","telephone","may",1,230,1,999,0,"nonexistent",1.1,93.994,-36.4,4.857,5191,"no"
621,47,"technician","married","professional.course","no","no","no","telephone","may",11,79,4,999,0,"nonexistent",1.1,93.994,-36.4,4.857,5191,"no"
622,35,"technician","married","professional.course","no","no","no","telephone","may",4,262,3,999,0,"nonexistent",1.1,93.994,-36.4,4.857,5191,"no"
623,38,"services","married","high.school","unknown","no","no","telephone","may",7,392,2,999,0,"nonexistent",1.1,93.994,-36.4,4.857,5191,"no"
624,30,"blue-collar","single","unknown","no","yes","yes","telephone","may",27,201,2,999,0,"nonexistent",1.1,93.994,-36.4,4.857,5191,"no"
625,46,"blue-collar","married","basic.9y","no","yes","no","telephone","may",6,145,1,999,0,"nonexistent",1.1,93.994,-36.4,4.857,5191,"no"
626,30,"technician","married","professional.course","no","no","no","telephone","may",1,252,1,999,0,"nonexistent",1.1,93.994,-36.4,4.857,5191,"no"
627,35,"services","single","basic.4y","no","no","no","telephone","may",18,329,1,999,0,"nonexistent",1.1,93.994,-36.4,4.857,5191,"no"
628,58,"admin.","married","unknown","unknown","yes","no","telephone","may",22,328,2,999,0,"nonexistent",1.1,93.994,-36.4,4.857,5191,"no"
629,40,"technician","married","professional.course","no","no","no","telephone","may",16,191,2,999,0,"nonexistent",1.1,93.994,-36.4,4.857,5191,"no"
630,34,"technician","married","university.degree","no","no","no","telephone","may",29,116,2,999,0,"nonexistent",1.1,93.994,-36.4,4.857,5191,"no"
631,30,"admin.","single","university.degree","no","no","no","telephone","may",3,246,1,999,0,"nonexistent",1.1,93.994,-36.4,4.857,5191,"no"
632,38,"services","married","basic.6y","no","no","no","telephone","may",29,532,2,999,0,"nonexistent",1.1,93.994,-36.4,4.857,5191,"no"
633,55,"management","single","basic.4y","no","no","no","telephone","may",30,293,1,999,0,"nonexistent",1.1,93.994,-36.4,4.857,5191,"no"
634,55,"management","married","university.degree","unknown","yes","no","telephone","may",21,416,3,999,0,"nonexistent",1.1,93.994,-36.4,4.857,5191,"no"
635,45,"technician","single","professional.course","no","yes","no","telephone","may",23,37,2,999,0,"nonexistent",1.1,93.994,-36.4,4.857,5191,"no"
636,36,"admin.","married","university.degree","no","yes","yes","telephone","may",15,132,2,999,0,"nonexistent",1.1,93.994,-36.4,4.857,5191,"no"
637,32,"admin.","single","university.degree","no","no","no","telephone","may",13,530,2,999,0,"nonexistent",1.1,93.994,-36.4,4.857,5191,"no"
638,35,"technician","married","unknown","unknown","yes","no","telephone","may",5,175,3,999,0,"nonexistent",1.1,93.994,-36.4,4.857,5191,"no"
639,55,"management","divorced","university.degree","no","yes","no","telephone","may",30,90,5,999,0,"nonexistent",1.1,93.994,-36.4,4.857,5191,"no"
640,49,"housemaid","married","basic.4y","unknown","unknown","unknown","telephone","may",17,524,2,999,0,"nonexistent",1.1,93.994,-36.4,4.857,5191,"no"
641,29,"admin.","married","high.school","no","yes","no","telephone","may",6,29,3,999,0,"nonexistent",1.1,93.994,-36.4,4.857,5191,"no"
642,34,"blue-collar","married","basic.4y","no","yes","no","telephone","may",7,311,2,999,0,"nonexistent",1.1,93.994,-36.4,4.857,5191,"no"
643,54,"retired","married","high.school","unknown","yes","no","telephone","may",25,412,1,999,0,"nonexistent",1.1,93.994,-36.4,4.857,5191,"no"
644,36,"technician","single","professional.course","no","no","no","telephone","may",8,211,2,999,0,"nonexistent",1.1,93.994,-36.4,4.857,5191,"no"
645,30,"management","single","university.degree","no","yes","no","telephone","may",30,312,3,999,0,"nonexistent",1.1,93.994,-36.4,4.857,5191,"no"
646,33,"housemaid","divorced","university.degree","no","no","no","telephone","may",27,392,1,999,0,"nonexistent",1.1,93.994,-36.4,4.857,5191,"no"
647,37,"blue-collar","married","high.school","no","no","no","telephone","may",10,191,1,999,0,"nonexistent",1.1,93.994,-36.4,4.857,5191,"no"
648,36,"technician","married","basic.9y","unknown","yes","no","telephone","may",29,284,2,999,0,"nonexistent",1.1,93.994,-36.4,4.857,5191,"no"
649,33,"blue-collar","married","high.school","no","no","no","telephone","may",21,328,1,999,0,"nonexistent",1.1,93.994,-36.4,4.857,5191,"no"
650,32,"housemaid","married","high.school","no","yes","no","telephone","may",10,100,1,999,0,"nonexistent",1.1,93.994,-36.4,4.857,5191,"no"
651,32,"housemaid","married","high.school","no","no","no","telephone","may",5,226,1,999,0,"nonexistent",1.1,93.994,-36.4,4.857,5191,"no"
652,50,"blue-collar","married","basic.4y","unknown","yes","no","telephone","may",25,507,1,999,0,"nonexistent",1.1,93.994,-36.4,4.857,5191,"no"
653,39,"blue-collar","married","basic.9y","no","no","yes","telephone","may",18,333,2,999,0,"nonexistent",1.1,93.994,-36.4,4.857,5191,"no"
654,51,"blue-collar","divorced","unknown","unknown","yes","yes","telephone","may",13,128,2,999,0,"nonexistent",1.1,93.994,-36.4,4.857,5191,"no"
655,33,"services","married","high.school","no","no","no","telephone","may",15,322,2,999,0,"nonexistent",1.1,93.994,-36.4,4.857,5191,"no"
656,33,"services","married","basic.4y","no","no","no","telephone","may",17,202,4,999,0,"nonexistent",1.1,93.994,-36.4,4.857,5191,"no"
657,56,"management","married","university.degree","unknown","no","yes","telephone","may",12,92,2,999,0,"nonexistent",1.1,93.994,-36.4,4.857,5191,"no"
658,39,"management","divorced","university.degree","unknown","yes","no","telephone","may",30,205,2,999,0,"nonexistent",1.1,93.994,-36.4,4.857,5191,"no"
659,33,"self-employed","single","university.degree","no","no","no","telephone","may",17,739,3,999,0,"nonexistent",1.1,93.994,-36.4,4.857,5191,"no"
660,59,"retired","divorced","basic.4y","unknown","no","no","telephone","may",5,273,2,999,0,"nonexistent",1.1,93.994,-36.4,4.857,5191,"no"
661,42,"admin.","single","unknown","no","yes","no","telephone","may",18,339,3,999,0,"nonexistent",1.1,93.994,-36.4,4.857,5191,"no"
662,43,"services","married","high.school","no","no","yes","telephone","may",6,262,1,999,0,"nonexistent",1.1,93.994,-36.4,4.857,5191,"no"
663,35,"admin.","married","university.degree","no","unknown","unknown","telephone","may",21,308,3,999,0,"nonexistent",1.1,93.994,-36.4,4.857,5191,"no"
664,46,"blue-collar","married","basic.6y","unknown","yes","no","telephone","may",6,467,2,999,0,"nonexistent",1.1,93.994,-36.4,4.857,5191,"no"
665,27,"technician","married","basic.9y","no","no","yes","telephone","may",14,245,2,999,0,"nonexistent",1.1,93.994,-36.4,4.857,5191,"no"
666,47,"admin.","divorced","university.degree","no","yes","no","telephone","may",6,160,3,999,0,"nonexistent",1.1,93.994,-36.4,4.857,5191,"no"
667,31,"admin.","single","university.degree","no","no","no","telephone","may",26,189,2,999,0,"nonexistent",1.1,93.994,-36.4,4.857,5191,"no"
668,32,"blue-collar","married","basic.9y","no","yes","no","telephone","may",4,477,1,999,0,"nonexistent",1.1,93.994,-36.4,4.857,5191,"no"
669,54,"admin.","married","high.school","no","no","no","telephone","may",27,65,3,999,0,"nonexistent",1.1,93.994,-36.4,4.857,5191,"no"
670,56,"management","married","university.degree","unknown","no","no","telephone","may",21,191,1,999,0,"nonexistent",1.1,93.994,-36.4,4.857,5191,"no"
671,48,"services","single","high.school","unknown","yes","no","telephone","may",11,196,2,999,0,"nonexistent",1.1,93.994,-36.4,4.857,5191,"no"
672,44,"admin.","married","high.school","no","yes","no","telephone","may",18,221,2,999,0,"nonexistent",1.1,93.994,-36.4,4.857,5191,"no"
673,46,"admin.","married","high.school","no","no","yes","telephone","may",14,197,2,999,0,"nonexistent",1.1,93.994,-36.4,4.857,5191,"no"
674,45,"services","married","high.school","no","yes","no","telephone","may",10,178,2,999,0,"nonexistent",1.1,93.994,-36.4,4.857,5191,"no"
675,43,"admin.","married","professional.course","no","no","yes","telephone","may",17,221,2,999,0,"nonexistent",1.1,93.994,-36.4,4.857,5191,"no"
676,40,"admin.","single","high.school","unknown","no","no","telephone","may",12,64,2,999,0,"nonexistent",1.1,93.994,-36.4,4.857,5191,"no"
677,56,"management","married","university.degree","no","yes","no","telephone","may",31,75,2,999,0,"nonexistent",1.1,93.994,-36.4,4.857,5191,"no"
678,47,"entrepreneur","married","professional.course","no","no","no","telephone","may",31,400,2,999,0,"nonexistent",1.1,93.994,-36.4,4.857,5191,"no"
679,39,"management","divorced","university.degree","unknown","yes","no","telephone","may",28,378,3,999,0,"nonexistent",1.1,93.994,-36.4,4.857,5191,"no"
680,48,"technician","married","basic.4y","unknown","no","no","telephone","may",3,118,2,999,0,"nonexistent",1.1,93.994,-36.4,4.857,5191,"no"
681,45,"housemaid","married","professional.course","unknown","yes","no","telephone","may",24,1597,2,999,0,"nonexistent",1.1,93.994,-36.4,4.857,5191,"yes"
682,36,"self-employed","married","university.degree","no","no","no","telephone","may",13,346,2,999,0,"nonexistent",1.1,93.994,-36.4,4.857,5191,"no"
683,49,"management","married","professional.course","unknown","yes","no","telephone","may",17,107,2,999,0,"nonexistent",1.1,93.994,-36.4,4.857,5191,"no"
684,46,"services","married","high.school","no","no","no","telephone","may",15,60,3,999,0,"nonexistent",1.1,93.994,-36.4,4.857,5191,"no"
685,38,"blue-collar","married","basic.9y","no","yes","no","telephone","may",19,276,2,999,0,"nonexistent",1.1,93.994,-36.4,4.857,5191,"no"
686,50,"housemaid","married","basic.4y","unknown","yes","no","telephone","may",19,176,2,999,0,"nonexistent",1.1,93.994,-36.4,4.857,5191,"no"
687,27,"admin.","single","high.school","no","yes","no","telephone","may",21,390,2,999,0,"nonexistent",1.1,93.994,-36.4,4.857,5191,"no"
688,40,"technician","married","professional.course","unknown","yes","no","telephone","may",27,251,3,999,0,"nonexistent",1.1,93.994,-36.4,4.857,5191,"no"
689,46,"management","married","university.degree","no","yes","no","telephone","may",25,716,2,999,0,"nonexistent",1.1,93.994,-36.4,4.857,5191,"no"
690,40,"admin.","divorced","university.degree","no","yes","no","telephone","may",30,189,3,999,0,"nonexistent",1.1,93.994,-36.4,4.857,5191,"no"
691,33,"management","single","university.degree","no","no","no","telephone","may",30,125,2,999,0,"nonexistent",1.1,93.994,-36.4,4.857,5191,"no"
692,54,"retired","married","high.school","no","yes","no","telephone","may",9,234,2,999,0,"nonexistent",1.1,93.994,-36.4,4.857,5191,"no"
693,52,"blue-collar","married","basic.4y","unknown","yes","no","telephone","may",5,79,2,999,0,"nonexistent",1.1,93.994,-36.4,4.857,5191,"no"
694,53,"admin.","married","university.degree","unknown","yes","no","telephone","may",19,13,6,999,0,"nonexistent",1.1,93.994,-36.4,4.857,5191,"no"
695,49,"services","married","high.school","unknown","no","no","telephone","may",6,296,3,999,0,"nonexistent",1.1,93.994,-36.4,4.857,5191,"no"
696,42,"blue-collar","married","basic.4y","unknown","no","no","telephone","may",4,114,2,999,0,"nonexistent",1.1,93.994,-36.4,4.857,5191,"no"
697,49,"housemaid","married","basic.4y","no","no","no","telephone","may",9,283,3,999,0,"nonexistent",1.1,93.994,-36.4,4.857,5191,"no"
698,40,"entrepreneur","married","basic.9y","no","no","no","telephone","may",31,109,2,999,0,"nonexistent",1.1,93.994,-36.4,4.857,5191,"no"
699,59,"admin.","married","university.degree","unknown","no","no","telephone","may",15,132,2,999,0,"nonexistent",1.1,93.994,-36.4,4.857,5191,"no"
700,51,"self-employed","married","basic.9y","no","yes","no","telephone","may",26,144,2,999,0,"nonexistent",1.1,93.994,-36.4,4.857,5191,"no"
701,57,"housemaid","married","basic.6y","unknown","yes","no","telephone","may",3,121,2,999,0,"nonexistent",1.1,93.994,-36.4,4.857,5191,"no"
702,38,"self-employed","divorced","basic.9y","no","yes","no","telephone","may",15,95,3,999,0,"nonexistent",1.1,93.994,-36.4,4.857,5191,"no"
703,52,"self-employed","married","university.degree","no","no","no","telephone","may",23,31,3,999,0,"nonexistent",1.1,93.994,-36.4,4.857,5191,"no"
704,26,"unemployed","single","basic.9y","no","yes","no","telephone","may",20,112,3,999,0,"nonexistent",1.1,93.994,-36.4,4.857,5191,"no"
705,35,"admin.","married","university.degree","no","yes","yes","telephone","may",12,161,2,999,0,"nonexistent",1.1,93.994,-36.4,4.857,5191,"no"
706,51,"admin.","married","university.degree","no","no","no","telephone","may",12,87,4,999,0,"nonexistent",1.1,93.994,-36.4,4.857,5191,"no"
707,43,"blue-collar","married","basic.4y","unknown","yes","yes","telephone","may",29,593,2,999,0,"nonexistent",1.1,93.994,-36.4,4.857,5191,"no"
708,42,"admin.","married","high.school","unknown","yes","no","telephone","may",23,99,2,999,0,"nonexistent",1.1,93.994,-36.4,4.857,5191,"no"
709,60,"retired","divorced","university.degree","unknown","yes","no","telephone","may",31,198,2,999,0,"nonexistent",1.1,93.994,-36.4,4.857,5191,"no"
710,36,"blue-collar","married","basic.9y","no","yes","no","telephone","may",22,285,2,999,0,"nonexistent",1.1,93.994,-36.4,4.857,5191,"no"
711,57,"management","married","university.degree","unknown","no","no","telephone","may",16,190,3,999,0,"nonexistent",1.1,93.994,-36.4,4.857,5191,"no"
712,35,"student","single","university.degree","unknown","no","no","telephone","may",29,172,5,999,0,"nonexistent",1.1,93.994,-36.4,4.857,5191,"no"
713,30,"admin.","married","university.degree","no","no","no","telephone","may",3,178,2,999,0,"nonexistent",1.1,93.994,-36.4,4.857,5191,"no"
714,43,"services","married","high.school","no","no","no","telephone","may",22,174,2,999,0,"nonexistent",1.1,93.994,-36.4,4.857,5191,"no"
715,40,"technician","married","basic.9y","no","no","no","telephone","may",21,631,2,999,0,"nonexistent",1.1,93.994,-36.4,4.857,5191,"no"
716,45,"technician","married","university.degree","no","no","no","telephone","may",6,152,3,999,0,"nonexistent",1.1,93.994,-36.4,4.857,5191,"no"
717,56,"retired","married","high.school","no","no","no","telephone","may",6,176,5,999,0,"nonexistent",1.1,93.994,-36.4,4.857,5191,"no"
718,46,"services","married","basic.6y","no","no","no","telephone","may",2,32,3,999,0,"nonexistent",1.1,93.994,-36.4,4.857,5191,"no"
719,41,"blue-collar","married","basic.4y","no","yes","no","telephone","may",8,1529,2,999,0,"nonexistent",1.1,93.994,-36.4,4.857,5191,"no"
720,42,"admin.","married","university.degree","no","yes","no","telephone","may",27,254,2,999,0,"nonexistent",1.1,93.994,-36.4,4.857,5191,"no"
721,56,"blue-collar","married","basic.4y","no","no","no","telephone","may",11,214,2,999,0,"nonexistent",1.1,93.994,-36.4,4.857,5191,"no"
722,43,"entrepreneur","married","basic.4y","no","yes","no","telephone","may",14,147,3,999,0,"nonexistent",1.1,93.994,-36.4,4.857,5191,"no"
723,34,"blue-collar","married","basic.4y","no","no","no","telephone","may",19,800,4,999,0,"nonexistent",1.1,93.994,-36.4,4.857,5191,"no"
724,38,"services","married","high.school","no","yes","no","telephone","may",22,106,2,999,0,"nonexistent",1.1,93.994,-36.4,4.857,5191,"no"
725,40,"technician","married","basic.9y","no","no","no","telephone","may",21,135,2,999,0,"nonexistent",1.1,93.994,-36.4,4.857,5191,"no"
726,38,"admin.","married","high.school","no","no","no","telephone","may",19,112,4,999,0,"nonexistent",1.1,93.994,-36.4,4.857,5191,"no"
727,48,"entrepreneur","married","university.degree","no","yes","no","telephone","may",3,222,2,999,0,"nonexistent",1.1,93.994,-36.4,4.857,5191,"no"
728,27,"blue-collar","married","basic.9y","unknown","yes","no","telephone","may",12,314,3,999,0,"nonexistent",1.1,93.994,-36.4,4.857,5191,"no"
729,24,"technician","single","professional.course","no","no","no","telephone","may",20,421,2,999,0,"nonexistent",1.1,93.994,-36.4,4.857,5191,"no"
730,47,"admin.","single","unknown","unknown","yes","yes","telephone","may",26,410,2,999,0,"nonexistent",1.1,93.994,-36.4,4.857,5191,"no"
731,48,"blue-collar","married","professional.course","unknown","no","no","telephone","may",27,207,3,999,0,"nonexistent",1.1,93.994,-36.4,4.857,5191,"no"
732,31,"admin.","single","high.school","no","yes","yes","telephone","may",7,239,2,999,0,"nonexistent",1.1,93.994,-36.4,4.857,5191,"no"
733,39,"self-employed","single","basic.4y","unknown","yes","no","telephone","may",17,83,4,999,0,"nonexistent",1.1,93.994,-36.4,4.857,5191,"no"
734,41,"technician","single","university.degree","unknown","no","no","telephone","may",1,160,3,999,0,"nonexistent",1.1,93.994,-36.4,4.857,5191,"no"
735,49,"blue-collar","married","basic.4y","unknown","yes","no","telephone","may",7,42,3,999,0,"nonexistent",1.1,93.994,-36.4,4.857,5191,"no"
736,56,"retired","married","basic.4y","no","no","no","telephone","may",29,55,2,999,0,"nonexistent",1.1,93.994,-36.4,4.857,5191,"no"
737,49,"admin.","married","high.school","no","no","no","telephone","may",24,157,2,999,0,"nonexistent",1.1,93.994,-36.4,4.857,5191,"no"
738,47,"unemployed","divorced","university.degree","no","no","no","telephone","may",16,303,3,999,0,"nonexistent",1.1,93.994,-36.4,4.857,5191,"no"
739,44,"blue-collar","married","unknown","unknown","yes","no","telephone","may",29,336,3,999,0,"nonexistent",1.1,93.994,-36.4,4.857,5191,"no"
740,48,"admin.","divorced","high.school","no","no","no","telephone","may",22,233,2,999,0,"nonexistent",1.1,93.994,-36.4,4.857,5191,"no"
741,55,"housemaid","married","basic.4y","no","yes","yes","telephone","may",7,211,2,999,0,"nonexistent",1.1,93.994,-36.4,4.857,5191,"no"
742,59,"management","married","basic.4y","unknown","yes","no","telephone","may",6,88,5,999,0,"nonexistent",1.1,93.994,-36.4,4.857,5191,"no"
743,44,"technician","single","professional.course","no","yes","yes","telephone","may",29,139,2,999,0,"nonexistent",1.1,93.994,-36.4,4.857,5191,"no"
744,46,"blue-collar","married","basic.9y","no","no","yes","telephone","may",22,329,3,999,0,"nonexistent",1.1,93.994,-36.4,4.857,5191,"no"
745,39,"blue-collar","divorced","basic.6y","unknown","yes","no","telephone","may",28,305,2,999,0,"nonexistent",1.1,93.994,-36.4,4.857,5191,"no"
746,38,"unemployed","married","basic.4y","unknown","yes","yes","telephone","may",24,206,2,999,0,"nonexistent",1.1,93.994,-36.4,4.857,5191,"no"
747,36,"services","married","high.school","no","yes","no","telephone","may",20,128,2,999,0,"nonexistent",1.1,93.994,-36.4,4.857,5191,"no"
748,29,"admin.","single","university.degree","no","no","no","telephone","may",8,122,3,999,0,"nonexistent",1.1,93.994,-36.4,4.857,5191,"no"
749,31,"technician","single","professional.course","no","yes","no","telephone","may",4,343,3,999,0,"nonexistent",1.1,93.994,-36.4,4.857,5191,"no"
750,30,"services","divorced","basic.9y","no","no","yes","telephone","may",22,126,2,999,0,"nonexistent",1.1,93.994,-36.4,4.857,5191,"no"
751,36,"blue-collar","married","basic.4y","no","yes","no","telephone","may",10,249,3,999,0,"nonexistent",1.1,93.994,-36.4,4.857,5191,"no"
752,60,"blue-collar","married","professional.course","no","no","no","telephone","may",22,59,3,999,0,"nonexistent",1.1,93.994,-36.4,4.857,5191,"no"
753,36,"admin.","married","university.degree","no","yes","no","telephone","may",21,166,3,999,0,"nonexistent",1.1,93.994,-36.4,4.857,5191,"no"
754,32,"services","married","high.school","no","no","no","telephone","may",11,190,3,999,0,"nonexistent",1.1,93.994,-36.4,4.857,5191,"no"
755,39,"blue-collar","married","basic.9y","unknown","yes","no","telephone","may",27,216,2,999,0,"nonexistent",1.1,93.994,-36.4,4.857,5191,"no"
756,30,"services","married","university.degree","no","yes","no","telephone","may",6,51,3,999,0,"nonexistent",1.1,93.994,-36.4,4.856,5191,"no"
757,39,"blue-collar","married","basic.4y","unknown","no","no","telephone","may",15,169,3,999,0,"nonexistent",1.1,93.994,-36.4,4.856,5191,"no"
758,37,"blue-collar","married","basic.9y","unknown","yes","no","telephone","may",13,148,3,999,0,"nonexistent",1.1,93.994,-36.4,4.856,5191,"no"
759,39,"blue-collar","married","professional.course","unknown","yes","no","telephone","may",30,132,3,999,0,"nonexistent",1.1,93.994,-36.4,4.856,5191,"no"
760,46,"blue-collar","married","basic.4y","no","no","no","telephone","may",16,117,3,999,0,"nonexistent",1.1,93.994,-36.4,4.856,5191,"no"
761,43,"unemployed","married","basic.4y","no","no","no","telephone","may",27,275,4,999,0,"nonexistent",1.1,93.994,-36.4,4.856,5191,"no"
762,37,"services","married","high.school","no","yes","no","telephone","may",17,124,2,999,0,"nonexistent",1.1,93.994,-36.4,4.856,5191,"no"
763,30,"technician","married","university.degree","unknown","no","no","telephone","may",7,118,3,999,0,"nonexistent",1.1,93.994,-36.4,4.856,5191,"no"
764,38,"technician","married","professional.course","no","no","no","telephone","may",17,479,2,999,0,"nonexistent",1.1,93.994,-36.4,4.856,5191,"no"
765,31,"technician","married","university.degree","no","yes","no","telephone","may",21,285,3,999,0,"nonexistent",1.1,93.994,-36.4,4.856,5191,"no"
766,44,"admin.","married","university.degree","no","no","no","telephone","may",30,322,2,999,0,"nonexistent",1.1,93.994,-36.4,4.856,5191,"no"
767,44,"self-employed","married","university.degree","unknown","no","no","telephone","may",2,202,2,999,0,"nonexistent",1.1,93.994,-36.4,4.856,5191,"no"
768,38,"technician","married","unknown","unknown","unknown","unknown","telephone","may",19,162,2,999,0,"nonexistent",1.1,93.994,-36.4,4.856,5191,"no"
769,30,"student","single","high.school","unknown","no","no","telephone","may",29,216,3,999,0,"nonexistent",1.1,93.994,-36.4,4.856,5191,"no"
770,37,"blue-collar","married","basic.4y","unknown","unknown","unknown","telephone","may",30,195,2,999,0,"nonexistent",1.1,93.994,-36.4,4.856,5191,"no"
771,54,"housemaid","divorced","unknown","no","yes","no","telephone","may",27,96,2,999,0,"nonexistent",1.1,93.994,-36.4,4.856,5191,"no"
772,41,"management","married","unknown","unknown","yes","no","telephone","may",16,149,2,999,0,"nonexistent",1.1,93.994,-36.4,4.856,5191,"no"
773,43,"technician","married","professional.course","no","no","no","telephone","may",19,720,2,999,0,"nonexistent",1.1,93.994,-36.4,4.856,5191,"no"
774,38,"housemaid","married","basic.9y","no","no","no","telephone","may",26,92,2,999,0,"nonexistent",1.1,93.994,-36.4,4.856,5191,"no"
775,41,"blue-collar","married","basic.4y","no","yes","no","telephone","may",21,188,2,999,0,"nonexistent",1.1,93.994,-36.4,4.856,5191,"no"
776,38,"blue-collar","single","unknown","unknown","no","yes","telephone","may",17,70,2,999,0,"nonexistent",1.1,93.994,-36.4,4.856,5191,"no"
777,33,"blue-collar","married","basic.9y","no","unknown","unknown","telephone","may",7,141,3,999,0,"nonexistent",1.1,93.994,-36.4,4.856,5191,"no"
778,32,"admin.","married","high.school","no","yes","no","telephone","may",14,395,2,999,0,"nonexistent",1.1,93.994,-36.4,4.856,5191,"no"
779,30,"services","married","high.school","unknown","no","no","telephone","may",14,629,2,999,0,"nonexistent",1.1,93.994,-36.4,4.856,5191,"no"
780,43,"technician","married","basic.6y","no","yes","no","telephone","may",21,261,3,999,0,"nonexistent",1.1,93.994,-36.4,4.856,5191,"no"
781,30,"services","married","high.school","unknown","yes","no","telephone","may",23,502,1,999,0,"nonexistent",1.1,93.994,-36.4,4.856,5191,"no"
782,36,"technician","divorced","professional.course","no","no","no","telephone","may",23,446,1,999,0,"nonexistent",1.1,93.994,-36.4,4.856,5191,"no"
783,38,"blue-collar","married","basic.6y","no","unknown","unknown","telephone","may",17,131,3,999,0,"nonexistent",1.1,93.994,-36.4,4.856,5191,"no"
784,35,"blue-collar","single","basic.6y","no","yes","no","telephone","may",13,198,3,999,0,"nonexistent",1.1,93.994,-36.4,4.856,5191,"no"
785,50,"self-employed","married","university.degree","no","no","no","telephone","may",28,312,1,999,0,"nonexistent",1.1,93.994,-36.4,4.856,5191,"no"
786,38,"blue-collar","married","basic.9y","no","yes","no","telephone","may",19,275,6,999,0,"nonexistent",1.1,93.994,-36.4,4.856,5191,"no"
787,58,"admin.","married","basic.4y","unknown","no","yes","telephone","may",10,120,2,999,0,"nonexistent",1.1,93.994,-36.4,4.856,5191,"no"
788,50,"technician","married","professional.course","no","yes","no","telephone","may",9,333,4,999,0,"nonexistent",1.1,93.994,-36.4,4.856,5191,"no"
789,33,"blue-collar","single","basic.9y","unknown","no","no","telephone","may",25,113,1,999,0,"nonexistent",1.1,93.994,-36.4,4.856,5191,"no"
790,33,"blue-collar","single","basic.9y","unknown","unknown","unknown","telephone","may",17,150,1,999,0,"nonexistent",1.1,93.994,-36.4,4.856,5191,"no"
791,44,"management","single","university.degree","unknown","yes","yes","telephone","may",21,91,1,999,0,"nonexistent",1.1,93.994,-36.4,4.856,5191,"no"
792,31,"management","married","high.school","no","no","no","telephone","may",24,296,1,999,0,"nonexistent",1.1,93.994,-36.4,4.856,5191,"no"
793,40,"entrepreneur","married","basic.9y","no","no","no","telephone","may",2,128,3,999,0,"nonexistent",1.1,93.994,-36.4,4.856,5191,"no"
794,28,"unknown","single","basic.9y","unknown","no","no","telephone","may",13,298,1,999,0,"nonexistent",1.1,93.994,-36.4,4.856,5191,"no"
795,36,"services","single","unknown","no","yes","no","telephone","may",19,326,1,999,0,"nonexistent",1.1,93.994,-36.4,4.856,5191,"no"
796,44,"blue-collar","single","high.school","no","no","no","telephone","may",12,292,1,999,0,"nonexistent",1.1,93.994,-36.4,4.856,5191,"no"
797,38,"blue-collar","divorced","unknown","no","yes","no","telephone","may",9,215,1,999,0,"nonexistent",1.1,93.994,-36.4,4.856,5191,"no"
798,33,"blue-collar","married","basic.9y","no","unknown","unknown","telephone","may",20,97,1,999,0,"nonexistent",1.1,93.994,-36.4,4.856,5191,"no"
799,39,"blue-collar","divorced","basic.6y","unknown","yes","yes","telephone","may",14,32,1,999,0,"nonexistent",1.1,93.994,-36.4,4.856,5191,"no"
800,47,"blue-collar","single","basic.4y","unknown","yes","no","telephone","may",18,162,1,999,0,"nonexistent",1.1,93.994,-36.4,4.856,5191,"no"
801,47,"services","divorced","high.school","no","no","no","telephone","may",7,421,1,999,0,"nonexistent",1.1,93.994,-36.4,4.856,5191,"no"
802,35,"entrepreneur","single","professional.course","no","no","no","telephone","may",4,268,1,999,0,"nonexistent",1.1,93.994,-36.4,4.856,5191,"no"
803,42,"admin.","divorced","university.degree","no","no","no","telephone","may",26,232,1,999,0,"nonexistent",1.1,93.994,-36.4,4.856,5191,"no"
804,36,"admin.","married","high.school","no","no","no","telephone","may",6,152,3,999,0,"nonexistent",1.1,93.994,-36.4,4.856,5191,"no"
805,35,"technician","married","basic.6y","no","no","no","telephone","may",22,104,2,999,0,"nonexistent",1.1,93.994,-36.4,4.856,5191,"no"
806,36,"services","single","unknown","no","yes","no","telephone","may",29,852,1,999,0,"nonexistent",1.1,93.994,-36.4,4.856,5191,"no"
807,56,"entrepreneur","married","university.degree","unknown","yes","no","telephone","may",25,159,2,999,0,"nonexistent",1.1,93.994,-36.4,4.856,5191,"no"
808,26,"admin.","single","high.school","no","no","no","telephone","may",28,416,2,999,0,"nonexistent",1.1,93.994,-36.4,4.856,5191,"no"
809,31,"admin.","single","university.degree","no","yes","yes","telephone","may",31,174,1,999,0,"nonexistent",1.1,93.994,-36.4,4.856,5191,"no"
810,57,"self-employed","single","high.school","unknown","no","no","telephone","may",3,139,1,999,0,"nonexistent",1.1,93.994,-36.4,4.856,5191,"no"
811,39,"services","married","high.school","no","no","no","telephone","may",22,193,1,999,0,"nonexistent",1.1,93.994,-36.4,4.856,5191,"no"
812,43,"blue-collar","married","high.school","no","yes","no","telephone","may",30,294,1,999,0,"nonexistent",1.1,93.994,-36.4,4.856,5191,"no"
813,50,"admin.","married","university.degree","no","no","no","telephone","may",17,102,1,999,0,"nonexistent",1.1,93.994,-36.4,4.856,5191,"no"
814,52,"blue-collar","single","high.school","unknown","unknown","unknown","telephone","may",25,124,1,999,0,"nonexistent",1.1,93.994,-36.4,4.856,5191,"no"
815,39,"blue-collar","divorced","basic.9y","no","no","no","telephone","may",13,143,1,999,0,"nonexistent",1.1,93.994,-36.4,4.856,5191,"no"
816,44,"technician","single","unknown","unknown","yes","no","telephone","may",18,231,1,999,0,"nonexistent",1.1,93.994,-36.4,4.856,5191,"no"
817,36,"housemaid","married","basic.4y","no","yes","no","telephone","may",3,128,1,999,0,"nonexistent",1.1,93.994,-36.4,4.856,5191,"no"
818,54,"management","married","high.school","unknown","yes","no","telephone","may",21,74,1,999,0,"nonexistent",1.1,93.994,-36.4,4.856,5191,"no"
819,27,"admin.","single","basic.9y","no","yes","no","telephone","may",21,105,2,999,0,"nonexistent",1.1,93.994,-36.4,4.856,5191,"no"
820,31,"admin.","single","university.degree","no","no","no","telephone","may",6,992,1,999,0,"nonexistent",1.1,93.994,-36.4,4.856,5191,"yes"
821,31,"admin.","married","university.degree","unknown","no","no","telephone","may",19,168,1,999,0,"nonexistent",1.1,93.994,-36.4,4.856,5191,"no"
822,28,"blue-collar","married","basic.6y","no","no","no","telephone","may",7,250,1,999,0,"nonexistent",1.1,93.994,-36.4,4.856,5191,"no"
823,31,"management","single","university.degree","no","yes","no","telephone","may",21,254,1,999,0,"nonexistent",1.1,93.994,-36.4,4.856,5191,"no"
824,30,"management","divorced","high.school","no","no","yes","telephone","may",8,149,1,999,0,"nonexistent",1.1,93.994,-36.4,4.856,5191,"no"
825,52,"technician","married","professional.course","no","yes","no","telephone","may",30,133,2,999,0,"nonexistent",1.1,93.994,-36.4,4.856,5191,"no"
826,37,"technician","divorced","professional.course","no","no","no","telephone","may",31,374,1,999,0,"nonexistent",1.1,93.994,-36.4,4.856,5191,"no"
827,30,"services","married","university.degree","no","yes","no","telephone","may",28,425,6,999,0,"nonexistent",1.1,93.994,-36.4,4.856,5191,"no"
828,45,"blue-collar","married","basic.9y","unknown","yes","yes","telephone","may",8,207,1,999,0,"nonexistent",1.1,93.994,-36.4,4.856,5191,"no"
829,54,"technician","married","university.degree","no","yes","no","telephone","may",31,464,1,999,0,"nonexistent",1.1,93.994,-36.4,4.856,5191,"no"
830,49,"entrepreneur","married","basic.9y","no","yes","no","telephone","may",21,439,1,999,0,"nonexistent",1.1,93.994,-36.4,4.856,5191,"no"
831,44,"admin.","married","high.school","no","no","no","telephone","may",17,83,3,999,0,"nonexistent",1.1,93.994,-36.4,4.856,5191,"no"
832,28,"student","single","basic.9y","unknown","yes","yes","telephone","may",9,732,2,999,0,"nonexistent",1.1,93.994,-36.4,4.856,5191,"yes"
833,53,"technician","married","high.school","no","yes","no","telephone","may",14,149,1,999,0,"nonexistent",1.1,93.994,-36.4,4.856,5191,"no"
834,45,"blue-collar","married","basic.9y","unknown","yes","no","telephone","may",21,142,1,999,0,"nonexistent",1.1,93.994,-36.4,4.856,5191,"no"
835,45,"blue-collar","married","basic.9y","unknown","no","no","telephone","may",16,121,1,999,0,"nonexistent",1.1,93.994,-36.4,4.856,5191,"no"
836,51,"admin.","married","high.school","unknown","yes","no","telephone","may",28,359,1,999,0,"nonexistent",1.1,93.994,-36.4,4.856,5191,"no"
837,41,"blue-collar","married","basic.9y","unknown","yes","no","telephone","may",31,112,1,999,0,"nonexistent",1.1,93.994,-36.4,4.856,5191,"no"
838,43,"technician","married","professional.course","no","yes","no","telephone","may",24,274,4,999,0,"nonexistent",1.1,93.994,-36.4,4.856,5191,"no"
839,31,"admin.","single","university.degree","no","yes","no","telephone","may",21,325,2,999,0,"nonexistent",1.1,93.994,-36.4,4.856,5191,"no"
840,39,"admin.","single","unknown","no","yes","no","telephone","may",10,1521,1,999,0,"nonexistent",1.1,93.994,-36.4,4.856,5191,"no"
841,38,"technician","married","professional.course","no","no","no","telephone","may",9,216,1,999,0,"nonexistent",1.1,93.994,-36.4,4.856,5191,"no"
842,50,"entrepreneur","married","basic.9y","no","yes","yes","telephone","may",26,161,1,999,0,"nonexistent",1.1,93.994,-36.4,4.856,5191,"no"
843,53,"admin.","single","university.degree","unknown","yes","no","telephone","may",5,122,2,999,0,"nonexistent",1.1,93.994,-36.4,4.856,5191,"no"
844,44,"admin.","divorced","high.school","unknown","yes","no","telephone","may",14,800,1,999,0,"nonexistent",1.1,93.994,-36.4,4.856,5191,"no"
845,53,"blue-collar","married","basic.9y","unknown","yes","yes","telephone","may",20,615,1,999,0,"nonexistent",1.1,93.994,-36.4,4.856,5191,"no"
846,24,"services","single","high.school","no","no","no","telephone","may",1,111,1,999,0,"nonexistent",1.1,93.994,-36.4,4.856,5191,"no"
847,34,"admin.","single","high.school","no","yes","no","telephone","may",21,359,1,999,0,"nonexistent",1.1,93.994,-36.4,4.856,5191,"no"
848,40,"technician","married","professional.course","no","yes","no","telephone","may",2,327,3,999,0,"nonexistent",1.1,93.994,-36.4,4.856,5191,"no"
849,57,"management","divorced","university.degree","no","yes","no","telephone","may",28,236,1,999,0,"nonexistent",1.1,93.994,-36.4,4.856,5191,"no"
850,43,"blue-collar","married","basic.4y","unknown","yes","no","telephone","may",23,227,1,999,0,"nonexistent",1.1,93.994,-36.4,4.856,5191,"no"
851,31,"blue-collar","married","basic.6y","unknown","no","no","telephone","may",7,109,1,999,0,"nonexistent",1.1,93.994,-36.4,4.856,5191,"no"
852,31,"services","married","basic.6y","no","yes","no","telephone","may",16,492,2,999,0,"nonexistent",1.1,93.994,-36.4,4.856,5191,"no"
853,31,"blue-collar","married","basic.6y","unknown","yes","no","telephone","may",27,298,1,999,0,"nonexistent",1.1,93.994,-36.4,4.856,5191,"no"
854,45,"housemaid","married","basic.4y","unknown","yes","no","telephone","may",2,83,2,999,0,"nonexistent",1.1,93.994,-36.4,4.856,5191,"no"
855,38,"admin.","married","university.degree","no","no","no","telephone","may",14,241,2,999,0,"nonexistent",1.1,93.994,-36.4,4.856,5191,"no"
856,41,"entrepreneur","married","university.degree","no","yes","no","telephone","may",19,1138,1,999,0,"nonexistent",1.1,93.994,-36.4,4.856,5191,"yes"
857,47,"blue-collar","married","professional.course","unknown","yes","no","telephone","may",14,131,1,999,0,"nonexistent",1.1,93.994,-36.4,4.856,5191,"no"
858,42,"blue-collar","married","basic.6y","no","no","no","telephone","may",9,123,1,999,0,"nonexistent",1.1,93.994,-36.4,4.856,5191,"no"
859,35,"blue-collar","single","unknown","no","yes","no","telephone","may",3,125,1,999,0,"nonexistent",1.1,93.994,-36.4,4.856,5191,"no"
860,40,"management","married","university.degree","no","yes","no","telephone","may",8,295,2,999,0,"nonexistent",1.1,93.994,-36.4,4.856,5191,"no"
861,42,"blue-collar","married","basic.6y","no","no","no","telephone","may",31,287,1,999,0,"nonexistent",1.1,93.994,-36.4,4.856,5191,"no"
862,34,"technician","married","professional.course","unknown","yes","no","telephone","may",5,109,1,999,0,"nonexistent",1.1,93.994,-36.4,4.856,5191,"no"
863,48,"admin.","single","university.degree","no","yes","no","telephone","may",10,140,2,999,0,"nonexistent",1.1,93.994,-36.4,4.856,5191,"no"
864,35,"blue-collar","married","unknown","no","yes","yes","telephone","may",7,52,1,999,0,"nonexistent",1.1,93.994,-36.4,4.856,5191,"no"
865,33,"blue-collar","married","high.school","no","yes","no","telephone","may",17,233,1,999,0,"nonexistent",1.1,93.994,-36.4,4.856,5191,"no"
866,37,"technician","married","professional.course","no","yes","no","telephone","may",26,254,1,999,0,"nonexistent",1.1,93.994,-36.4,4.856,5191,"no"
867,43,"technician","married","professional.course","no","yes","no","telephone","may",11,255,1,999,0,"nonexistent",1.1,93.994,-36.4,4.856,5191,"no"
868,42,"admin.","single","unknown","unknown","no","no","telephone","may",21,126,1,999,0,"nonexistent",1.1,93.994,-36.4,4.856,5191,"no"
869,46,"admin.","divorced","university.degree","no","yes","no","telephone","may",9,184,2,999,0,"nonexistent",1.1,93.994,-36.4,4.856,5191,"no"
870,37,"blue-collar","single","basic.9y","unknown","yes","no","telephone","may",18,591,1,999,0,"nonexistent",1.1,93.994,-36.4,4.856,5191,"yes"
871,40,"blue-collar","married","high.school","no","yes","no","telephone","may",7,294,1,999,0,"nonexistent",1.1,93.994,-36.4,4.856,5191,"no"
872,40,"blue-collar","married","high.school","no","yes","no","telephone","may",19,285,1,999,0,"nonexistent",1.1,93.994,-36.4,4.856,5191,"no"
873,59,"entrepreneur","divorced","high.school","unknown","yes","no","telephone","may",28,173,1,999,0,"nonexistent",1.1,93.994,-36.4,4.856,5191,"no"
874,43,"technician","single","university.degree","no","no","no","telephone","may",15,336,1,999,0,"nonexistent",1.1,93.994,-36.4,4.856,5191,"no"
875,44,"blue-collar","married","basic.6y","no","yes","yes","telephone","may",2,344,1,999,0,"nonexistent",1.1,93.994,-36.4,4.856,5191,"no"
876,44,"blue-collar","married","basic.4y","no","yes","no","telephone","may",11,786,1,999,0,"nonexistent",1.1,93.994,-36.4,4.856,5191,"yes"
877,41,"admin.","married","university.degree","no","yes","no","telephone","may",7,153,1,999,0,"nonexistent",1.1,93.994,-36.4,4.856,5191,"no"
878,28,"unknown","single","basic.9y","unknown","yes","no","telephone","may",16,99,2,999,0,"nonexistent",1.1,93.994,-36.4,4.856,5191,"no"
879,48,"services","married","high.school","unknown","yes","no","telephone","may",17,243,1,999,0,"nonexistent",1.1,93.994,-36.4,4.856,5191,"no"
880,31,"admin.","single","high.school","no","yes","no","telephone","may",25,260,1,999,0,"nonexistent",1.1,93.994,-36.4,4.856,5191,"no"
881,27,"blue-collar","married","basic.9y","no","yes","no","telephone","may",19,164,2,999,0,"nonexistent",1.1,93.994,-36.4,4.856,5191,"no"
882,43,"technician","single","university.degree","no","yes","no","telephone","may",29,255,2,999,0,"nonexistent",1.1,93.994,-36.4,4.856,5191,"no"
883,47,"retired","married","basic.4y","unknown","yes","no","telephone","may",7,47,1,999,0,"nonexistent",1.1,93.994,-36.4,4.856,5191,"no"
884,40,"blue-collar","divorced","unknown","no","yes","no","telephone","may",31,110,2,999,0,"nonexistent",1.1,93.994,-36.4,4.856,5191,"no"
885,43,"unknown","married","high.school","unknown","no","no","telephone","may",27,463,1,999,0,"nonexistent",1.1,93.994,-36.4,4.856,5191,"no"
886,29,"technician","married","professional.course","no","yes","no","telephone","may",7,192,1,999,0,"nonexistent",1.1,93.994,-36.4,4.856,5191,"no"
887,54,"admin.","married","university.degree","no","no","no","telephone","may",15,388,7,999,0,"nonexistent",1.1,93.994,-36.4,4.856,5191,"no"
888,36,"technician","married","professional.course","no","no","no","telephone","may",2,221,1,999,0,"nonexistent",1.1,93.994,-36.4,4.856,5191,"no"
889,30,"admin.","single","university.degree","no","no","no","telephone","may",8,25,1,999,0,"nonexistent",1.1,93.994,-36.4,4.856,5191,"no"
890,38,"services","single","unknown","unknown","yes","no","telephone","may",2,256,6,999,0,"nonexistent",1.1,93.994,-36.4,4.856,5191,"no"
891,39,"blue-collar","married","basic.6y","no","no","no","telephone","may",5,104,1,999,0,"nonexistent",1.1,93.994,-36.4,4.856,5191,"no"
892,33,"blue-collar","married","basic.9y","no","no","no","telephone","may",25,283,2,999,0,"nonexistent",1.1,93.994,-36.4,4.856,5191,"no"
893,39,"retired","single","high.school","no","yes","no","telephone","may",10,448,1,999,0,"nonexistent",1.1,93.994,-36.4,4.856,5191,"no"
894,38,"technician","single","professional.course","no","no","no","telephone","may",29,127,1,999,0,"nonexistent",1.1,93.994,-36.4,4.856,5191,"no"
895,44,"admin.","married","high.school","no","yes","no","telephone","may",4,378,1,999,0,"nonexistent",1.1,93.994,-36.4,4.856,5191,"no"
896,33,"blue-collar","married","basic.9y","no","yes","no","telephone","may",23,67,1,999,0,"nonexistent",1.1,93.994,-36.4,4.856,5191,"no"
897,37,"blue-collar","married","basic.6y","no","no","no","telephone","may",23,221,2,999,0,"nonexistent",1.1,93.994,-36.4,4.856,5191,"no"
898,32,"management","married","basic.6y","no","no","no","telephone","may",5,150,1,999,0,"nonexistent",1.1,93.994,-36.4,4.856,5191,"no"
899,46,"technician","married","professional.course","no","yes","no","telephone","may",23,144,2,999,0,"nonexistent",1.1,93.994,-36.4,4.856,5191,"no"
900,34,"technician","divorced","professional.course","no","yes","no","telephone","may",11,296,2,999,0,"nonexistent",1.1,93.994,-36.4,4.856,5191,"no"
901,52,"technician","married","basic.4y","unknown","no","no","telephone","may",25,161,1,999,0,"nonexistent",1.1,93.994,-36.4,4.856,5191,"no"
902,46,"blue-collar","married","basic.6y","unknown","no","no","telephone","may",24,401,2,999,0,"nonexistent",1.1,93.994,-36.4,4.856,5191,"no"
903,57,"management","divorced","university.degree","no","unknown","unknown","telephone","may",16,435,2,999,0,"nonexistent",1.1,93.994,-36.4,4.856,5191,"no"
904,52,"technician","married","basic.4y","unknown","no","yes","telephone","may",7,388,1,999,0,"nonexistent",1.1,93.994,-36.4,4.856,5191,"no"
905,32,"technician","single","professional.course","no","no","no","telephone","may",8,245,1,999,0,"nonexistent",1.1,93.994,-36.4,4.856,5191,"no"
906,31,"blue-collar","single","basic.9y","no","no","no","telephone","may",4,143,1,999,0,"nonexistent",1.1,93.994,-36.4,4.856,5191,"no"
907,46,"admin.","divorced","basic.9y","unknown","no","no","telephone","may",16,423,1,999,0,"nonexistent",1.1,93.994,-36.4,4.856,5191,"no"
908,59,"services","divorced","high.school","no","no","no","telephone","may",25,231,1,999,0,"nonexistent",1.1,93.994,-36.4,4.856,5191,"no"